ASIN,ASIN name,AMAZON GTIN,MFG model number,MAP,ALTUPC,TITLE,Brand
B000789VG4,"Howard Miller Optimum Chronicle Wall Clock with LCD Inset, 14"", Gray (625195)",,625195,10000,20867251957,,Howard Miller
B000AMAPMQ,Howard Miller 625-214 Corporate Wall Clock by,20867252145,625214,1,20867252145,CORPORATE WALL,Howard Miller
B000U7SLJK,"Howard Miller Automatic Techtime II Radio-Controlled LCD Wall/Table Alarm Clock, 8-3/4"" W x 1"" D x 9-1/4"" H (625236)",,625236,1,20867252367,,Howard Miller
B000YDEWFW,"Howard Miller Elegant Norcross Auto Daylight-Savings Wall Clock, 12-1/4"", Black (625320)",,625320,1,20867253203,,Howard Miller
B0099RGP04,MIL625323 - Howard Miller Alton Auto Daylight Savings Wall Clock,,625323,1,20867253234,,Howard Miller
B000E7D83A,"Howard Miller Automatic Alton Auto Daylight Savings Wall Clock, 14"", Black (625323)",,625323,1,20867253234,,Howard Miller
B002YIK2TU,"Howard Miller Distinctive Talon Auto Daylight-Savings Wall Clock, 15 1/4"", Cherry (625417)",,625417,1,20867254170,,Howard Miller
B001PMJY54,Howard Miller 625-450 Spokane Wall Clock by,20867254507,625450,1,20867254507,SPOKANE,Howard Miller
B002Y58K3I,"Howard Miller Easy Kenwick Wall Clock, 13-1/2"", Black (625485)",,625485,1,20867254859,,Howard Miller
B00GVFZ4IQ,"Howard Miller Polished Hamilton Wall Clock, 12"", Silver, 1 Aa (625561)",,625561,1,20867255610,,Howard Miller
B01AIY80TU,"Howard Miller Large Rosewood Wall Clock, 11 3/4"", Faux Cherry Wood (625607)",20867256075,625607,1,20867256075,ROSEWOOD WALL,Howard Miller
B000FUVEM8,Howard Miller 645-358 Distant Time Traveler Table Clock by,,645358,1,20867453580,,Howard Miller
B00L9YZF0Q,Howard Miller Desk Mate Clock,20867457595,645759,13.99,20867457595,DESK MATE,Howard Miller
B006O3WCEY,Howard Miller Illuminated World Time,20867457236,645723,20.99,20867457236,ILLUMINATED WORLD TIME,Howard Miller
B00L9YZH0E,Howard Miller Atlas World Clock and Calculator,20867457618,645761,20.99,20867457618,ATLAS WORLD CLOCK & CALC,Howard Miller
B001TYMNC4,Howard Miller 645-693 Weather View Alarm Clock by,20867456932,645693,21.99,20867456932,WEATHER VIEW ALARM,Howard Miller
B0051IAU8S,Howard Miller Medina Clock,20867457168,645716,22.99,20867457168,MEDINA,Howard Miller
B00GMLBW9E,Howard Miller Kendal Clock,20867457496,645749,22.99,20867457496,KENDAL,Howard Miller
B00L9YZG0U,Howard Miller Persona Clock,20867457601,645760,22.99,20867457601,PERSONA,Howard Miller
B0051IAU6U,Howard Miller Hansen Clock,20867457151,645715,25.99,20867457151,HANSEN,Howard Miller
B001B2M0RM,Howard Miller 645-553 Picture This Table Clock,20867455539,645553,26.99,20867455539,PICTURE THIS,Howard Miller
B000YDGWIW,Howard Miller 625-254 Office Mate Wall Clock by,20867252541,625254,27.99,20867252541,OFFICE MATE,Howard Miller
B000I6LEWO,Howard Miller 655-109 Rosewood Letter Opener by,20867551095,655109,27.99,20867551095,LETTER OPENER,Howard Miller
B00L9YZ5EW,Howard Miller Envision Clock,20867457519,645751,28.99,20867457519,ENVISION,Howard Miller
B000FUPMNU,Howard Miller 655-107 Rosewood Note Pad Caddy II by,20867551071,655107,29.99,20867551071,NOTEPAD CADDY II,Howard Miller
B00S79HKWM,Howard Miller 645771 Not Applicable 645-771 Glamour,20867457717,645771,30.99,20867457717,GLAMOUR,Howard Miller
B000EZOHDC,Howard Miller 655-110 Rosewood Coaster by,20867551101,655110,30.99,20867551101,COASTER,Howard Miller
B000FUXC3M,Howard Miller 645-571 Photo Traveler Table Clock,20867455713,645571,31.99,20867455713,PHOTO TRAVELER,Howard Miller
B000FUNRD2,Howard Miller 645-579 Regent Table Clock by,20867455799,645579,31.99,20867455799,REGENT,Howard Miller
B000Z4NYWC,Howard Miller 645-580 Marcus Table Clock by,20867455805,645580,31.99,20867455805,MARCUS,Howard Miller
B000YDKDW8,Howard Miller 645-632 Mildred Table Clock by,20867456321,645632,32.99,20867456321,MILDRED,Howard Miller
B002KSS4TY,Howard Miller 645-698 Dana Table Clock by,20867456987,645698,32.99,20867456987,DANA,Howard Miller
B003GF55SS,Howard Miller 645-702 Ebony Luster Table Clock by,20867457021,645702,32.99,20867457021,EBONY LUSTER,Howard Miller
B01CFN30EM,Howard Miller 645770 Not Applicable 645-770 Corsica,20867457700,645770,32.99,20867457700,CORSICA,Howard Miller
B01F1DJIU8,Howard Miller 645777 Not Applicable Hope,20867457779,645777,32.99,20867457779,HOPE,Howard Miller
B01F1DJJH0,Howard Miller 645778 Not Applicable Valiant,20867457786,645778,32.99,20867457786,VALIANT,Howard Miller
B01F1DJJWU,Howard Miller 645779 Not Applicable 645-779 Liberty,20867457793,645779,32.99,20867457793,LIBERTY,Howard Miller
B000AMC0M4,Howard Miller 645-602 Derrick Table Clock by,20867456024,645602,33.99,20867456024,DERRICK,Howard Miller
B003708A20,Howard Miller 645-691 Augustine Table Clock by,20867456918,645691,33.99,20867456918,AUGUSTINE,Howard Miller
B01F1DJM1S,Howard Miller 645785 Not Applicable 645-785 Emerson,20867457854,645785,33.99,20867457854,EMERSON,Howard Miller
B01F1DJMEA,Howard Miller 645786 Not Applicable 645-786 Anson,20867457861,645786,33.99,20867457861,ANSON,Howard Miller
B01F1DJKR4,Howard Miller 645781 Not Applicable 645-781 Granby,20867457816,645781,35.99,20867457816,GRANBY,Howard Miller
B000WFP24W,"Howard Miller 15.25"" Kalvin Wall Clock 625-418",20867254187,625418,36.99,20867254187,KALVIN,Howard Miller
B00GMLCZWC,Howard Miller Brinell II Clock,20867457427,645742,36.99,20867457427,BRINELL III,Howard Miller
B000YDEWYS,Howard Miller 625-381 Virgo Wall Clock,20867253814,625381,37.99,20867253814,VIRGO    OIL RUBBED BRONZ,Howard Miller
B0085UC00A,Howard Miller Libra Clock,20867255306,625530,37.99,20867255306,LIBRA,Howard Miller
B00OIM4KC0,"Howard Miller Kenton 13"" Wall Clock (MIL625560)",20867255603,625560,37.99,20867255603,KENTON,Howard Miller
B01AIYCV2C,"Howard Miller Versatile Solar Tech Desk/Wall Clock, 8 1/2 x 7 1/2, Satin Silver (625608)",20867256082,625608,37.99,20867256082,SOLAR TECH,Howard Miller
B000EZ79Z0,Howard Miller 645-618 Alex Table Clock by,20867456185,645618,37.99,20867456185,ALEX  ROSEWOOD,Howard Miller
B000U6L3QE,Howard Miller 645-643 Cooper Table Clock by,20867456437,645643,37.99,20867456437,COOPER    GLASS & CHROME,Howard Miller
B0030CYLGE,Howard Miller 655-156 Vintage Burgundy Wine Opener Set,20867551569,655156,37.99,20867551569,VINTAGE BURGUNDY WINE 2-P,Howard Miller
B000YDJ37Y,Howard Miller 645-603 World Time Arch Table Clock by,20867456031,645603,38.99,20867456031,WORLD TIME ARCH,Howard Miller
B00B2OCS94,Howard Miller Brookline Clock,20867457397,645739,38.99,20867457397,BROOKLINE,Howard Miller
B00196UL7G,Howard Miller 645-677 Lewiston Table Clock by,20867456772,645677,39.99,20867456772,LEWISTON SILVER W/FRAME,Howard Miller
B000I6LEH4,Howard Miller 625-283 Aries Wall Clock by,20867252831,625283,40.99,20867252831,ARIES,Howard Miller
B000I6JYQW,Howard Miller 625-313 Pisces Wall Clock by,20867253135,625313,40.99,20867253135,PISCES 8-1/2 INCH,Howard Miller
B005923SMQ,Howard Miller 655162 Veneto 2-Pc Wine Assy Clock,20867551620,655162,40.99,20867551620,VENETO 2-PC WINE ASSY,Howard Miller
B004ZO2ZGO,Howard Miller Prism Clock,20867457175,645717,41.99,20867457175,PRISM,Howard Miller
B01F1DJKCO,Howard Miller 645780 Not Applicable 645-780 Portrait Caddy II,20867457809,645780,41.99,20867457809,PORTRAIT CADDY II,Howard Miller
B000AMAQ4I,Howard Miller 655-115 Rosewood Commemorative Plaque I by,20867551156,655115,41.99,20867551156,COMM PLAQUE I,Howard Miller
B001CPI3E2,Howard Miller 625-445 Maverick Wall Clock,20867254453,625445,42.99,20867254453,MAVERICK,Howard Miller
B000NNXCVS,Howard Miller 645-623 Victor Table Clock,20867456239,645623,42.99,20867456239,VICTOR,Howard Miller
B001B2GOPG,Howard Miller 645-649 Marisa Table Clock,20867456499,645649,42.99,20867456499,MARISA   CHERRY ANDBLACK,Howard Miller
B000YDKDAU,Howard Miller 645-401 Craven Table Clock,20867454013,645401,43.99,20867454013,CRAVEN,Howard Miller
B00S79H99Q,Howard Miller 645766 Not Applicable 645-766 Argento,20867457663,645766,43.99,20867457663,ARGENTO,Howard Miller
B000FUVDIS,Howard Miller 655-122 Rosewood Frame II by,20867551224,655122,46.99,20867551224,RSWD FRAME II,Howard Miller
B000YDEY1Y,Howard Miller 655-130 Rosewood Presentation I Box by,20867551309,655130,46.99,20867551309,PRESENTATION BOX I  ROSEW,Howard Miller
B00151673M,Howard Miller 625-207 Easton Wall Clock by,20867252077,625207,47.99,20867252077,EASTON,Howard Miller
B000YDJ3UQ,Howard Miller 655133 Wine Accessory (6 Piece) Clock,20867551330,655133,47.99,20867551330,6 PIECE WINE ACCESSORY,Howard Miller
B001XGXHVY,Howard Miller 645-525 Propeller Alarm Weather & Maritime Table Clock,20867455256,645525,49.99,20867455256,PROPELLER,Howard Miller
B000YDKE5O,Howard Miller 645-671 Simon II Table Clock by,20867456710,645671,49.99,20867456710,SIMON II,Howard Miller
B00795MPT8,Howard Miller Paragon Clock,20867457274,645727,49.99,20867457274,PARAGON,Howard Miller
B000U6JTZG,Howard Miller 645-641 Clifton Table Clock by,20867456413,645641,50.99,20867456413,CLIFTON    SILVER & GLS,Howard Miller
B000FUNQM4,Howard Miller 655-118 Rosewood Commemorative Plaque IV by,20867551187,655118,50.99,20867551187,COMM PLAQUE IV,Howard Miller
B00S79IDAU,Howard Miller 645776 Not Applicable 645-776 Amherst,20867457762,645776,51.99,20867457762,AMHERST,Howard Miller
B00196R5AW,Howard Miller 625-235 Techtime I Wall Clock,20867252350,625235,52.99,20867252350,TECHTIME I ACCU,Howard Miller
B001CZGXNK,Howard Miller 625355 Santa Fe Wall Clock by,20867253555,625355,52.99,20867253555,SANTA FE,Howard Miller
B0007T4A6Y,Howard Miller 645-446 Monroe Table Clock,20867454464,645446,52.99,20867454464,MONROE,Howard Miller
B000AMEH2U,Howard Miller 645-480 Walker Table Clock,20867454808,645480,52.99,20867454808,WALKER,Howard Miller
B001CPG7OA,Howard Miller 645-636 Diane Table Clock,20867456369,645636,52.99,20867456369,DIANE,Howard Miller
B01AHFGWZO,Howard Miller 645767 Not Applicable 645-767 Trio,799000000000,645767,52.99,20867457670,TRIO,Howard Miller
B000YDGY8K,Howard Miller 655-131 Rosewood Presentation II Box by,20867551316,655131,52.99,20867551316,PRESENTATION BOX II RSWD,Howard Miller
B000TYZOD0,Howard Miller 645-583 Weatherton Weather & Maritime Table Clock,20867455836,645583,53.99,20867455836,WEATHERTON,Howard Miller
B00S79HT7I,Howard Miller 645774 Not Applicable 645-774 Glenmont,20867457748,645774,53.99,20867457748,GLENMONT,Howard Miller
B0085U8BDK,Howard Miller Madison Clock,20867457281,645728,55.99,20867457281,MADISON,Howard Miller
B00L9YZBMI,Howard Miller Stanton Clock,20867457557,645755,55.99,20867457557,STANTON,Howard Miller
B001FYGUN6,Howard Miller 645-397 Tribeca Table Clock,20867453979,645397,56.99,20867453979,TRIBECA,Howard Miller
B0007T1AF8,Howard Miller 645-287 Parnell Table Clock by,20867452873,645287,57.99,20867452873,PARNELL,Howard Miller
B0036NEJNC,Howard Miller 645-708 Adonis Table Clock,20867457083,645708,57.99,20867457083,ADONIS,Howard Miller
B000KU7TN6,Howard Miller 645-424 Carols of Christmas II Table Clock by,20867454242,645424,58.99,20867454242,CAROLS OF CHRISTMAS II,Howard Miller
B000Z4MKEK,Howard Miller 645-447 Laurel Table Clock,20867454471,645447,58.99,20867454471,LAUREL,Howard Miller
B000YDKDFU,Howard Miller 645-481 Kentwood Table Clock,20867454815,645481,58.99,20867454815,KENTWOOD,Howard Miller
B000YDD82A,Howard Miller 645-574 Imperial Table Clock by,20867455744,645574,58.99,20867455744,IMPERIAL,Howard Miller
B001D655H8,Howard Miller 645-615 Kegan Table Clock,20867456154,645615,58.99,20867456154,KEGAN  ANTQ PEWTER  ALARM,Howard Miller
B001TJG9ZQ,Howard Miller 645-687 Sounds of the Season Christmas Clock by,20867456871,645687,58.99,20867456871,SOUNDS OF SEASON XMAS CLO,Howard Miller
B00FFQZQYY,Howard Miller Regal Clock,20867457472,645747,58.99,20867457472,REGAL,Howard Miller
B01F1DJLOG,Howard Miller 645784 Not Applicable 645-784 Peyton,20867457847,645784,58.99,20867457847,PEYTON,Howard Miller
B00R9HUQPQ,Howard Miller Sylvan Clock,20867055098,620503,60.99,20867055098,SYLVAN           SINGLE P,Howard Miller
B000YDD7U8,Howard Miller 645-530 Windsor Carriage Table Clock,20867455300,645530,60.99,20867455300,WINDSOR CARRIAGE,Howard Miller
B003701K1I,Howard Miller Haddington Clock,20867456949,645694,60.99,20867456949,HADDINGTON,Howard Miller
B0085U8XBU,Howard Miller Mission Clock,20867457298,645729,60.99,20867457298,MISSION,Howard Miller
B00S79H6HQ,Howard Miller 645765 Not Applicable 645-765 Aviatrix,20867457656,645765,60.99,20867457656,AVIATRIX,Howard Miller
B001RIEPHI,Howard Miller 645-653 Bishop Table Clock,20867456536,645653,61.99,20867456536,BISHOP,Howard Miller
B00CHZLM9Y,Howard Miller Endeavor Clock,20867457434,645743,61.99,20867457434,ENDEAVOR,Howard Miller
B000AMEHES,Howard Miller 655-117 Rosewood Commemorative Plaque III by,20867551170,655117,61.99,20867551170,COMM PLAQUE III,Howard Miller
B000WFW8O4,Howard Miller 625-392 Addison Wall Clock,20867253920,625392,62.99,20867253920,ADDISON WALL CLOCK,Howard Miller
B003GFAZ6K,Howard Miller 625-495 Ivana Wall Clock by,20867254958,625495,62.99,20867254958,IVANA,Howard Miller
B008BRDMWC,Howard Miller Pursuit Clock,20867457304,645730,62.99,20867457304,PURSUIT,Howard Miller
B00L9YZ6T6,Howard Miller Stratus Clock,20867457526,645752,62.99,20867457526,STRATUS,Howard Miller
B00L9YZD12,Howard Miller Optica Clock,20867457571,645757,62.99,20867457571,OPTICA,Howard Miller
B000AMEG12,Howard Miller 620-168 Brentwood Wall Clock,20867201686,620168,64.99,20867201686,BRENTWOOD,Howard Miller
B000I6LEL0,Howard Miller 620-170 Ridgewood Wall Clock by,20867201709,620170,64.99,20867201709,RIDGEWOOD,Howard Miller
B000F4RCOI,Howard Miller 620-174 Grantwood Wall Clock,20867201747,620174,64.99,20867201747,GRANTWOOD,Howard Miller
B000AMAPLM,Howard Miller 625-205 Accuwave II Wall Clock,20867252053,625205,64.99,20867252053,ACCUWAVE WALL II,Howard Miller
B001PLW5CE,Howard Miller 625-423 Lacy II Wall Clock,20867254231,625423,64.99,20867254231,LACY II,Howard Miller
B001CPJSDM,Howard Miller 645-497 Portrait Book Table Clock,20867454976,645497,66.99,20867454976,PORTRAIT BOOK,Howard Miller
B000FUPOHO,Howard Miller 645-498 Portrait Caddy Table Clock,20867454983,645498,66.99,20867454983,PORTRAIT CADDY,Howard Miller
B001CPEC5Q,Howard Miller 645-680 Westport Table Clock,20867456802,645680,66.99,20867456802,WESTPORT RSWD BOX W/CLK,Howard Miller
B0034PNJTM,Christina Gold Anniversary Clock Howard Miller 645690,20867456901,645690,66.99,20867456901,CHRISTINA,Howard Miller
B000I6P0TM,Howard Miller 613-118 Reminisce Table Clock by,20867001712,613118,70.99,20867001712,REMINISCE,Howard Miller
B000FGHTTO,Howard Miller 625-241 Devahn Wall Clock,20867252411,625241,70.99,20867252411,DEVAHN,Howard Miller
B001D6BP90,Howard Miller 625-429 Techtime III Wall Clock,20867254293,625429,70.99,20867254293,TECHTIME III,Howard Miller
B001D6867Y,Howard Miller 645-346 Discoverer Table Clock,20867453467,645346,70.99,20867453467,DISCOVERER,Howard Miller
B0007T1A94,Howard Miller 613-487 Rosewood Arch Table Clock,20867006281,613487,71.99,20867006281,ROSEWOOD ARCH,Howard Miller
B000I6N5PS,Howard Miller 645-576 Bedford Table Clock,20867455768,645576,71.99,20867455768,BEDFORD,Howard Miller
B000WFP2SS,Howard Miller 635-143 Humphrey Mantel Clock,20867351435,635143,72.99,20867351435,HUMPHREY,Howard Miller
B004ZO0KAC,Howard Miller Fresco Clock,20867457182,645718,72.99,20867457182,FRESCO,Howard Miller
B00S79HCZM,Howard Miller 645768 Not Applicable 645-768 Milan,20867457687,645768,72.99,20867457687,MILAN,Howard Miller
B00S79HG12,Howard Miller 645769 Not Applicable 645-769 Palermo,788000000000,645769,72.99,20867457694,PALERMO,Howard Miller
B01AHG520E,Howard Miller 645772 Not Applicable 645-772 Clarion,20867457724,645772,72.99,20867457724,CLARION,Howard Miller
B00196R5CU,Howard Miller 625-296 Paulina Wall Clock,20867252961,625296,73.99,20867252961,PAULINA,Howard Miller
B000I6JZ34,Howard Miller 645-577 Berkley Table Clock,20867455775,645577,73.99,20867455775,BERKLEY,Howard Miller
B001D66HQ6,Howard Miller 645-578 Baxter Table Clock,20867455782,645578,73.99,20867455782,BAXTER,Howard Miller
B001XGXWDM,Howard Miller 655-135 Picture Frames Box Set by,20867551354,655135,74.99,20867551354,GIFT FRAMES BOX SET,Howard Miller
B000I6JYYY,Howard Miller 645-405 Songbirds of North America III Table Clock by,20867454051,645405,75.99,20867454051,SONGBIRDS III,Howard Miller
B001L3XOW6,Howard Miller 645-527 Tide Mate III Weather & Maritime Table Clock by,20867455270,645527,75.99,20867455270,TIDE MATE III,Howard Miller
B003I862AI,Howard Miller 625-497 Kersen Wall Clock by,20867254972,625497,76.99,20867254972,KERSEN,Howard Miller
B00L9YZAD8,Howard Miller Monticello Clock,20867457540,645754,76.99,20867457540,MONTICELLO,Howard Miller
B000YDJ27U,Howard Miller 625-326 Carmen Wall Clock,20867253265,625326,77.99,20867253265,CARMEN WRT IRON W/PEND,Howard Miller
B000FUXCC8,Howard Miller 625-333 Ball Wall Clock,20867253333,625333,77.99,20867253333,BALL WALL 14 INCH,Howard Miller
B00R9HTTYA,Howard Miller Tamson Clock,20867351817,635181,77.99,20867351817,TAMSON,Howard Miller
B01F1DJL7I,Howard Miller 645782 Scholastic Clock,20867457823,645782,77.99,20867457823,SCHOLASTIC,Howard Miller
B004ZO1FV0,"Howard Miller Axis Clock, Optical Crystal",20867457199,645719,78.99,20867457199,AXIS,Howard Miller
B000YDGY6M,Howard Miller 655-123 Rosewood Book Frame II by,20867551231,655123,78.99,20867551231,RSWD FRAME II,Howard Miller
B0048185U4,Emmett Contemporary Wall Clock,20867255146,625514,80.99,20867255146,EMMETT,Howard Miller
B00L9YZPME,Howard Miller Fairway Clock,20867457649,645764,80.99,20867457649,FAIRWAY,Howard Miller
B000AMBZ0W,Howard Miller 613-573 Paramount Table Clock,20867135738,613573,81.99,20867135738,PARAMOUNT,Howard Miller
B001D0OI4A,Howard Miller 635-141 Vercelli Mantel Clock,20867351411,635141,82.99,20867351411,VERCELLI MANTEL  STONE DI,Howard Miller
B0051IAU24,Howard Miller Portrait Book II Clock,20867457113,645711,85.99,20867457113,PORTRAIT BOOK II,Howard Miller
B000FBPAUO,Howard Miller 625-350 Randall Wall Clock,20867253500,625350,87.99,20867253500,RANDALL,Howard Miller
B001C8VDK0,Howard Miller 625-404 Marrison Wall Clock,20867254040,625404,87.99,20867254040,MORRISON  WALL CLOCK BLK,Howard Miller
B003I8629Y,Howard Miller 625-496 Prichard Wall Clock by,20867254965,625496,87.99,20867254965,PRICHARD,Howard Miller
B000YDGXUY,Howard Miller 645-584 Audra Table Clock,20867455843,645584,87.99,20867455843,AUDRA,Howard Miller
B004ZO0BQK,Howard Miller Flaire Clock,20867457137,645713,87.99,20867457137,FLAIRE,Howard Miller
B00L9YZ8OE,Howard Miller Lincoln Clock,20867457533,645753,87.99,20867457533,LINCOLN,Howard Miller
B01LBDKMM0,Howard Miller 635194 Not Applicable Collins,20867351947,635194,90.99,20867351947,COLLINS,Howard Miller
B01LBDKHMU,Howard Miller 635195 Not Applicable Cramden,20867351954,635195,90.99,20867351954,CRAMDEN,Howard Miller
B0085U8PJU,Howard Miller Rhapsody Clock,20867457328,645732,91.99,20867457328,RHAPSODY,Howard Miller
B00CHHCEHG,Howard Miller Colonnade Clock,20867457458,645745,93.99,20867457458,COLONNADE,Howard Miller
B008BREIUC,Howard Miller Andover Clock,20867351718,635171,95.99,20867351718,ANDOVER,Howard Miller
B000YDEW5W,Howard Miller 625-258 Honor Time IV Rosewood Hall Plaque by,20867252589,625258,96.99,20867252589,HONOR TIME IV,Howard Miller
B0085U8LJY,Howard Miller Prominence Desk Set Clock,20867457243,645724,96.99,20867457243,PROMINENCE DESK SET,Howard Miller
B000EZS8XC,Howard Miller 645-389 Carter Table Clock by,20867453894,645389,99.99,20867453894,CARTER,Howard Miller
B001C93XXO,Howard Miller 625-401 Cyrus Wall Clock,20867254019,625401,109,20867254019,CYRUS WALL CLOCK,Howard Miller
B000I6JYZ8,Howard Miller 645-407 Roland Table Clock by,20867454075,645407,109,20867454075,ROLAND,Howard Miller
B001CZAQ8S,Howard Miller 620-257 J.H. Gould & Co. II Wall Clock,20867202577,620257,119,20867202577,J H GOULD & CO. W/PEND,Howard Miller
B001C91T5S,Howard Miller 620-401 Savannah Botanical Society VI Wall Clock,20867204014,620401,119,20867204014,SAVANNAH BOTANICAL VI,Howard Miller
B000FUPNOI,Howard Miller 625-255 Honor Time I Rosewood Hall Plaque by,20867252558,625255,119,20867252558,HONOR TIME I,Howard Miller
B000YDJ1US,Howard Miller 625257 Honor Time III Rosewood Hall Plaque by,20867252572,625257,119,20867252572,HONOR TIME III,Howard Miller
B0009XEB7Q,Howard Miller 625-259 Murrow Wall Clock,20867252596,625259,119,20867252596,MURROW,Howard Miller
B00VR4EX74,Howard Miller 625-599 Honor Time Harold Clock,785000000000,625599,119,20867255993,HONOR TIME HERALD,Howard Miller
B001RIEOC4,Howard Miller 645-569 Exton Table Clock by,20867455690,645569,119,20867455690,EXTON,Howard Miller
B000YDD65E,Howard Miller 613-528 Rosewood Bracket Table Clock,20867135288,613528,129,20867135288,ROSEWOOD BRACKET,Howard Miller
B000YDKC60,Howard Miller 613-588 Rosewood Desk Set Table Clock,20867135882,613588,129,20867135882,ROSEWOOD DESK,Howard Miller
B001BYOZQ4,Howard Miller 620-313 Original II Wall Clock,20867203130,620313,129,20867203130,H MILLER 13 INCH W/PEND,Howard Miller
B001C8XJ8E,Howard Miller 620-440 Savannah Botanical VII Wall Clock,20867204403,620440,129,20867204403,SAVANNAH BOTANICAL VII,Howard Miller
B001BYNGVE,Howard Miller 620-441 J.H. Gould & Co. III Wall Clock,20867204410,620441,129,20867204410,J H GOULD & CO. III  13 I,Howard Miller
B000EZ379W,Howard Miller 620-449 Paris Night Wall Clock,20867204496,620449,129,20867204496,PARIS NIGHT  MIT W/PEND/B,Howard Miller
B0012RADKM,Howard Miller 625-249 Shore Station Weather & Maritime Wall Clock by,20867252497,625249,129,20867252497,SHORE STATION,Howard Miller
B000AM8N5M,Howard Miller 625-256 Honor Time II Rosewood Hall Plaque by,20867252565,625256,129,20867252565,HONOR TIME II,Howard Miller
B00VR4PILO,Howard Miller 625-600 Honor Time Tempo Clock,20867256006,625600,129,20867256006,HONOR TIME TEMPO,Howard Miller
B01B6PP9YE,Howard Miller 635190 Not Applicable 635-190 Talia,20867351909,635190,129,20867351909,TALIA,Howard Miller
B01F1DJIEO,Howard Miller 635193 Not Applicable 635-193 Vernazza,20867351930,635193,129,20867351930,VERNAZZA,Howard Miller
B000I6N5MQ,Howard Miller 645-408 Reuben Table Clock,20867454082,645408,129,20867454082,REUBEN,Howard Miller
B000AMC0JW,Howard Miller 645-558 Kensington Table Clock,20867455584,645558,129,20867455584,KENSINGTON,Howard Miller
B000YDGXSQ,Howard Miller 645-575 Oceana Weather & Maritime Table Clock,20867455751,645575,129,20867455751,OCEANA,Howard Miller
B001CPI400,Howard Miller 645-674 Soloman Table Clock,20867456741,645674,129,20867456741,SOLOMAN SKELETON MVMT CLO,Howard Miller
B00MA9JVX6,Howard Miller Fusion Clock,20867457588,645758,129,20867457588,FUSION,Howard Miller
B001QU6MKK,Howard Miller 655-148 Wine Caddy I by,20867551484,655148,129,20867551484,WINE CADDY I SATIN NICKEL,Howard Miller
B01F1DJGX2,Howard Miller 635189 Not Applicable 635-189 Merrick,20867351893,635189,139,20867351893,MERRICK,Howard Miller
B00196UL6W,Howard Miller 645-673 Templeton Table Clock,20867456734,645673,139,20867456734,TEMPLETON,Howard Miller
B00196UL7Q,Howard Miller 645-682 Prestige Table Clock,20867456826,645682,139,20867456826,PRESTIGE GLASS/BRASS,Howard Miller
B004ZO23KM,Howard Miller Quest Clock,20867457205,645720,139,20867457205,QUEST,Howard Miller
B001CK67CW,Howard Miller 620-314 Original III Wall Clock,20867203147,620314,149,20867203147,H MILLER 18 INCH,Howard Miller
B000YDJ2HU,Howard Miller 635-130 Adelaide Mantel Clock,20867351305,635130,149,20867351305,ADELAIDE,Howard Miller
B00R9HTTN6,Howard Miller 635-185 Reese Clock,20867351855,635185,149,20867351855,REESE,Howard Miller
B001C4SXL6,Howard Miller 625-279 Bergen Wall Clock,20867252794,625279,159,20867252794,BERGEN,Howard Miller
B000FUXD72,Howard Miller 625-299 York Station Wall Clock,20867252992,625299,159,20867252992,YORK STATION,Howard Miller
B001B2OBTM,Howard Miller 625-317 O'Brien Wall Clock,20867253173,625317,159,20867253173,O'BRIEN ANTQ BRASS DBL SI,Howard Miller
B001C5Z5NY,Howard Miller 625-340 Gwyneth Wall Clock,20867253401,625340,159,20867253401,GWYNETH,Howard Miller
B000YDKDAK,Howard Miller 625-400 Yvonne Wall Clock,20867254002,625400,159,20867254002,YVONNE  WALL CLOCK,Howard Miller
B003GF55PG,Howard Miller 625-462 Chadwick Gallery Wall Clock by,20867254620,625462,159,20867254620,CHADWICK,Howard Miller
B005IAU23W,Howard Miller Kennesaw Clock,20867255269,625526,159,20867255269,KENNESAW,Howard Miller
B00R9HU2YQ,Howard Miller Park Slope Clock,20867255931,625593,159,20867255931,PARK SLOPE,Howard Miller
B00WN50RD0,Howard Miller 625-611 Lorain Wall Clock,20867256112,625611,159,20867256112,LORAIN,Howard Miller
B01LBDKQL2,Howard Miller 625621 Not Applicable Mack Road,20867256211,625621,159,20867256211,MACK ROAD,Howard Miller
B001D0J2GE,Howard Miller 635-121 Myra Mantel Clock,20867351213,635121,159,20867351213,MYRA,Howard Miller
B000I6N5K8,Howard Miller 635-122 Tara Mantel Clock,20867351220,635122,159,20867351220,TARA,Howard Miller
B001D0JB10,Howard Miller 635-123 Redford Mantel Clock,20867351237,635123,159,20867351237,REDFORD,Howard Miller
B0018K4SN6,Howard Miller 645-104 Rosewood Encore Bracket Table Clock by,20867451043,645104,159,20867451043,ROSEWOOD ENCORE BRKT,Howard Miller
B000FUPOB0,Howard Miller 645-217 New Orleans Table Clock by,20867452170,645217,159,20867452170,NEW ORLEANS,Howard Miller
B001QU07JC,Howard Miller 655-145 Entertainment Beverage Tub by,20867551453,655145,159,20867551453,ENTERTAINMENT BEV BAR W/S,Howard Miller
B003GFAZ8S,Howard Miller 635-155 Jenkins Mantel Clock by,20867351558,635155,169,20867351558,JENKINS,Howard Miller
B01F1DJHG8,Howard Miller 635191 Not Applicable 635-191 Megan,20867351916,635191,169,20867351916,MEGAN,Howard Miller
B000FUYHU4,Howard Miller 613-627 Athens Table Clock,20867136278,613627,179,20867136278,ATHENS,Howard Miller
B01LBDKS7E,Howard Miller 625625 Not Applicable Grid Iron Works,20867256259,625625,179,20867256259,GRID IRON WORKS,Howard Miller
B000I6LEPG,Howard Miller 635-100 Nicholas Mantel Clock,20867351008,635100,179,20867351008,NICHOLAS,Howard Miller
B000YDD6VI,Howard Miller 635-101 Christopher Mantel Clock,20867351015,635101,179,20867351015,CHRISTOPHER,Howard Miller
B00R9HTOWM,Howard Miller 635-183 Reese Clock,20867351831,635183,179,20867351831,CAMLON,Howard Miller
B000F4RCSE,Howard Miller 625-275 Allentown Wall Clock,20867252756,625275,189,20867252756,ALLENTOWN,Howard Miller
B000YDGXEU,"Howard Miller 625-403 Hudson Wall Clock   Chacksfield, Frank",20867254033,625403,189,20867254033,HUDSON WALL CLOCK BLK/NIC,Howard Miller
B00J4VYXT0,Howard Miller Grange Hall Clock,20867255757,625575,189,20867255757,GRANGE HALL,Howard Miller
B00R9HU82M,Howard Miller Cle Du Ville Clock,20867255795,625579,189,20867255795,CLE DU VILLE,Howard Miller
B000F4TCT6,Howard Miller 635-112 Kayla Mantel Clock,20867351121,635112,189,20867351121,KAYLA,Howard Miller
B00GMLBJN8,Howard Miller Batavia Clock,20867351770,635177,189,20867351770,BATAVIA,Howard Miller
B00R9HTYNQ,Howard Miller 635-186 Holden Clock,20867351862,635186,189,20867351862,HOLDEN,Howard Miller
B00R9HTT0E,Howard Miller Mia Wall Clock,20867351879,635187,189,20867351879,MIA,Howard Miller
B007XZFSSY,Howard Miller Sunburst Clock,20867255436,625543,199,20867255436,SUNBURST,Howard Miller
B01LBDKOTG,Howard Miller 625624 Not Applicable Manzine,20867256242,625624,199,20867256242,MANZINE,Howard Miller
B00J4W1NCO,Howard Miller Zoltan Clock,20867050352,635178,199,20867050352,ZOLTAN,Howard Miller
B00J4W1S7Y,Howard Miller Baxford Clock,20867050369,635179,199,20867050369,BAXFORD,Howard Miller
B00R9HTSX2,Howard Miller 635-182 Cameron II Clock,20867351824,635182,199,20867351824,CAMERON II,Howard Miller
B00R9HTOUO,Howard Miller Aston Clock,20867351848,635184,199,20867351848,ASTON,Howard Miller
B01F1DJHXG,Howard Miller 635192 Time Surveyor Mantel Clock,20867351923,635192,199,20867351923,TIME SURVEYOR MANTEL,Howard Miller
B000NNZDTM,Howard Miller 645-622 Fairview Table Clock,20867456222,645622,199,20867456222,FAIRVIEW,Howard Miller
B0017OPCEC,Howard Miller Summit Clock,20867457212,645721,199,20867457212,SUMMIT,Howard Miller
B000NNZDRY,Howard Miller 625-385 Avery Wall Clock,20867253852,625385,209,20867253852,AVERY     CHERRY WALL CLO,Howard Miller
B00R9HU354,Howard Miller 625-595 Reese Clock,20867255955,625595,209,20867255955,REESE,Howard Miller
B004T6CMNO,Howard Miller Statesboro Clock,20867351671,635167,209,20867351671,STATESBORO,Howard Miller
B008BRC03Y,Howard Miller Gardner Clock,20867351725,635172,209,20867351725,GARDNER,Howard Miller
B001AMRBWM,Howard Miller 645-187 Chronometer Weather & Maritime Table Clock,20867451876,645187,209,20867451876,CHRONOMETER,Howard Miller
B000FOUUWE,Howard Miller 645-443 Bailey Table Clock by,20867454433,645443,209,20867454433,BAILEY,Howard Miller
B001C87RXM,Howard Miller 625-390 Alexi Wall Clock,20867253906,625390,219,20867253906,ALEXI     BLACK W/RED INS,Howard Miller
B003E86DRO,Howard Miller 625-468 Continental Wall Clock by,20867254682,625468,219,20867254682,CONTINENTAL,Howard Miller
B001QU088W,Howard Miller 655-147 Wine Storage Butler,20867551477,655147,219,20867551477,"WINE BUTLER 36"" H WRT IRO",Howard Miller
B001BYLTMC,Howard Miller 620-315 Original IV Wall Clock,20867203154,620315,229,20867203154,H MILLER 25 INCH,Howard Miller
B008BRFZ54,"Howard Miller 625-540 Copper Bay Wall Clock, Copper",20867255405,625540,229,20867255405,COPPER BAY,Howard Miller
B00I6MWRRS,Howard Miller Harmon II Clock,20867255689,625568,229,20867255689,HARMON II,Howard Miller
B01D0IGZ9S,Howard Miller 625-614 Chaz Wall Clock,20867256143,625614,229,20867256143,CHAZ,Howard Miller
B01D0K8YMC,Howard Miller 625-615 Bota Wall Clock,20867256150,625615,229,20867256150,BOTA WALL,Howard Miller
B01LBDKS8S,Howard Miller 625626 Not Applicable Nesto,20867256266,625626,229,20867256266,NESTO,Howard Miller
B01LBDKQBW,Howard Miller 625627 Not Applicable Squire,20867256273,625627,229,20867256273,SQUIRE,Howard Miller
B000FUVDFQ,Howard Miller 625-310 Magdalen Wall Clock,20867253104,625310,239,20867253104,MAGDALEN,Howard Miller
B003GF34YK,Howard Miller 625-467 Jayla Wall Clock by,20867254675,625467,239,20867254675,JAYLA,Howard Miller
B001J9IFXK,Howard Miller 635-150 Murray Mantel Clock,20867351503,635150,239,20867351503,MURRAY  82ND ANNI M/C,Howard Miller
B004LGGLNY,Howard Miller Callahan Clock,20867351596,635159,239,20867351596,CALLAHAN,Howard Miller
B000N03TKU,Howard Miller 613-239 Fables Wall Clock,20867004652,613239,249,20867004652,FABLES,Howard Miller
B001C80RHU,Howard Miller 625-374 Harmon Gallery Wall Clock,20867253746,625374,249,20867253746,HARMON,Howard Miller
B003F32FS4,"Howard Miller Malia Wall Clock with Westminster Chime, Cherry Finish, Quartz Movement",20867254668,625466,249,20867254668,MALIA,Howard Miller
B003GF34ZE,Howard Miller 625-498 Atwater Wall Clock by,20867254989,625498,249,20867254989,ATWATER,Howard Miller
B00R9HU34U,Howard Miller 625-594 Holden Clock,20867255948,625594,249,20867255948,HOLDEN,Howard Miller
B01D0KBEFG,Howard Miller 625-618 Brohman Wall Clock,20867256181,625618,249,20867256181,BROHMAN,Howard Miller
B008BRDJ6G,Howard Miller 625546 Pierre Clock,20867255467,625546,259,20867255467,PIERRE,Howard Miller
B008BRG0XA,Howard Miller County Line Clock,20867255474,625547,259,20867255474,COUNTY LINE,Howard Miller
B00I6LYEX4,Howard Miller Balto Clock,20867255672,625567,259,20867255672,BALTO,Howard Miller
B01B6OV12E,Howard Miller 625-612 Ceara Wall Clock,20867064526,625612,259,20867064526,CEARA,Howard Miller
B01LBDKQDU,Howard Miller 625623 Not Applicable Thatcher,20867256235,625623,259,20867256235,THATCHER,Howard Miller
B001D0KQKK,Howard Miller 635-138 Desiree Mantel Clock,20867351381,635138,259,20867351381,DESIREE,Howard Miller
B003YW766C,Crosby Wall Clock in Warm Gray Iron,20867255177,625517,269,20867255177,CROSBY,Howard Miller
B00J4VYX0E,Howard Miller Gallery Pocket Watch,20867255726,625572,269,20867255726,GALLERY POCKET WATCH,Howard Miller
B00J4VZ0SS,Howard Miller St. Clair Clock,20867255740,625574,269,20867255740,ST CLAIR,Howard Miller
B00R9HUCV4,Howard Miller Aaron Clock,20867255832,625583,269,20867255832,AARON,Howard Miller
B00WN50KVE,Howard Miller 625-609 Murray Grove Wall Clock,20867256099,625609,269,20867256099,MURRAY GROVE,Howard Miller
B001D0OQ38,Howard Miller 635-131 Candice Mantel Clock,20867351312,635131,269,20867351312,CANDICE,Howard Miller
B000FUNQ24,Howard Miller 635-132 Carly Mantel Clock by,20867351329,635132,269,20867351329,CARLY,Howard Miller
B000YDKCZ6,Howard Miller 625-367 Joline Gallery Wall Clock,20867253678,625367,279,20867253678,JOLINE  WRT IRON BLACK,Howard Miller
B0099Y4HQG,Howard Miller 625542 Brass Works Clock,20867255429,625542,279,20867255429,BRASS WORKS,Howard Miller
B00J4VYZPM,Howard Miller Brassworks II Clock,20867255696,625569,279,20867255696,BRASSWORKS II,Howard Miller
B000YDGWRS,Howard Miller 635-106 Burton Mantel Clock,20867351060,635106,279,20867351060,BURTON,Howard Miller
B000ZPRW7E,Howard Miller 635-107 Burton II Mantel Clock,20867351077,635107,279,20867351077,BURTON II,Howard Miller
B000MXKH7G,Howard Miller 635-113 Anthony Mantel Clock,20867351138,635113,279,20867351138,ANTHONY,Howard Miller
B000YDKCQK,Howard Miller 635-114 Albright Mantel Clock,20867351145,635114,279,20867351145,ALBRIGHT,Howard Miller
B000AMEGFI,Howard Miller 612-712 Presque Isle Weather & Maritime Wall Clock,20867001460,612712,289,20867001460,PRESQUE ISLE,Howard Miller
B000YDEW98,Howard Miller 625-242 Elliott Wall Clock,20867252428,625242,289,20867252428,ELLIOTT,Howard Miller
B000UB9FLE,Howard Miller 625-372 Lacy Gallery Wall Clock,20867253722,625372,289,20867253722,"LACY  32"" WROUGHT IRON",Howard Miller
B00J4VYSWM,Howard Miller Fulton Street Clock,20867255573,625557,289,20867255573,FULTON STREET,Howard Miller
B00R9HUHDW,Howard Miller Dearborn Clock,20867255733,625573,289,20867255733,DEARBORN,Howard Miller
B00R9HUCOQ,Howard Miller Prairie Ridge Clock,20867255801,625580,289,20867255801,PRAIRIE RIDGE,Howard Miller
B01D1B8EVQ,Howard Miller 625-616 Zander Wall Clock,20867256167,625616,289,20867256167,ZANDER,Howard Miller
B01D1B8FVU,Howard Miller 625-617 Zander II Wall Clock,20867256174,625617,289,20867256174,ZANDER II,Howard Miller
B001D0H6RQ,Howard Miller 635-149 Lanning Mantel Clock,20867351497,635149,289,20867351497,LANNING  82ND ANNI M/C,Howard Miller
B004W8IIRS,Howard Miller Stafford Clock,20867351695,635169,289,20867351695,STAFFORD,Howard Miller
B004W8IIV4,Howard Miller Lorna Clock,,635170,289,20867351701,,Howard Miller
B00R9HUCLE,Howard Miller Penrod Clock,20867255818,625581,299,20867255818,PENROD,Howard Miller
B00R9HU2S2,Howard Miller Pearl Clock,20867255962,625596,299,20867255962,"PEARL 30""WHITE/CHROME WAL",Howard Miller
B00VVPW9KW,Howard Miller 625-598 Back 40 Wall Clock,20867255986,625598,299,20867255986,BACK 40,Howard Miller
B017MVAG8K,Howard Miller 625-602 Onyx Wall Clock,20867256020,625602,299,20867256020,ONYX,Howard Miller
B00VVR310C,Howard Miller 625-604 Milo Wall Clock,20867256044,625604,299,20867256044,MILO,Howard Miller
B00VVRABEG,Howard Miller 625-605 Milo II Wall Clock,20867256051,625605,299,20867256051,MILO II,Howard Miller
B01D0IGZB6,Howard Miller 625-613 Company Time II Wall Clock,20867256136,625613,299,20867256136,COMPANY TIME II,Howard Miller
B000U85SDQ,Howard Miller 635-133 Langeland Mantel Clock,20867351336,635133,299,20867351336,LANGELAND,Howard Miller
B001D0KQL4,Howard Miller 635-144 Andrea Mantel Clock,20867351442,635144,299,20867351442,ANDREA 81ST ANNIVERSARY,Howard Miller
B000WFUTEU,Howard Miller 635-146 Arendal Mantel Clock,20867351466,635146,299,20867351466,ARENDAL MANTEL 81ST ANNIV,Howard Miller
B000I6P16O,Howard Miller 645-391 Carlton Table Clock,20867453917,645391,299,20867453917,CARLTON,Howard Miller
B003705AFA,Howard Miller 625-453 Wine Barrel Gallery Wall Clock,,625453,309,20867254538,,Howard Miller
B00R9HU3R2,"Howard Miller Mia Clock, Worn Black",20867256037,625603,309,20867256037,MIA WORN BLACK WALL CLOCK,Howard Miller
B00WN50O2O,Howard Miller 625-610 Bokaro Wall Clock,20867256105,625610,309,20867256105,BOKARO,Howard Miller
B01LBDKKW2,Howard Miller 625622 Not Applicable Bathazaar,20867256228,625622,309,20867256228,BATHAZAAR,Howard Miller
B002EQ59GI,Howard Miller 625-472 Stockton Gallery Wall Clock,20867254729,625472,319,20867254729,STOCKTON,Howard Miller
B0007T4BPY,Howard Miller 620-369 Enrico Fulvi Wall Clock,20867203697,620369,329,20867203697,ENRICO FULVI 32 INCH,Howard Miller
B00196PMFM,Howard Miller 625-440 Alvarez Wall Clock,20867254408,625440,329,20867254408,ALVAREZ,Howard Miller
B00R9HUM5K,Howard Miller Wingate Clock,20867255665,625566,329,20867255665,WINGATE,Howard Miller
B003EEMPSE,Howard Miller 685-102 Vancouver II Curio Cabinet by,20867851027,685102,329,20867851027,VANCOUVER II,Howard Miller
B001BXNVG0,Howard Miller 612-481 Medford Mantel Clock,20867001101,612481,339,20867001101,MEDFORD,Howard Miller
B000ZOUWYA,Howard Miller 625-406 Postema Gallery Wall Clock,20867254064,625406,339,20867254064,POSTEMA,Howard Miller
B003DMUMYG,Howard Miller 635-162 Cleo Mantel Clock,20867351626,635162,339,20867351626,CLEO MANTEL,Howard Miller
B000EZ372Y,Howard Miller 625-253 Everett Wall Clock,20867252534,625253,349,20867252534,EVERETT,Howard Miller
B001C82DHM,Howard Miller 625-358 Luis Indoor/Outdoor Wall Clock,20867253586,625358,349,20867253586,LUIS 2 SIDED W/C,Howard Miller
B0085UBOH0,Howard Miller 625545 Bozeman Clock,20867255450,625545,349,20867255450,BOZEMAN,Howard Miller
B0099Y4RWA,Howard Miller Allen Park Clock,20867048120,625552,349,20867048120,ALLEN PARK,Howard Miller
B001CPHS8O,Howard Miller 630-246 Urban II Mantel Clock,20867302468,630246,349,20867302468,URBAN MANTEL II,Howard Miller
B000UV4K6E,Howard Miller 635-127 Sheldon Mantel Clock,20867351275,635127,349,20867351275,SHELDON,Howard Miller
B000YDGW7I,Howard Miller 620-482 Brenden Gallery Wall Clock,20867204823,620482,359,20867204823,BRENDEN GALLERY WALL CLOC,Howard Miller
B0007T1DZU,Howard Miller 625-282 Amanda Wall Clock,20867252824,625282,359,20867252824,AMANDA,Howard Miller
B001CZGXMQ,Howard Miller 625-290 Isabel Wall Clock,20867252909,625290,359,20867252909,ISABEL,Howard Miller
B000YDD6Q8,Howard Miller 625-314 Griffith Gallery Wall Clock,20867253142,625314,359,20867253142,GRIFFITH 25 INCH,Howard Miller
B004W8IE40,Howard Miller Sinclair Clock,20867255245,625524,359,20867255245,SINCLAIR,Howard Miller
B0053Z9CVU,Kathryn Wall Clock,401000000000,625525,359,20867255252,KATHRYN,Howard Miller
B005W7MUVS,"Ball Clock II 42"" Modern Wall Clock",20867255276,625527,359,20867255276,BALL CLOCK II,Howard Miller
B00R9HTU08,Howard Miller Beatrice Clock,20867351886,635188,359,20867351886,BEATRICE,Howard Miller
B000UB1QWA,Howard Miller 625-379 Gerrit Wall Clock,20867253791,625379,369,20867253791,GERRIT,Howard Miller
B000WFUTSG,Howard Miller 625-409 Cortez Wall Clock,20867254095,625409,369,20867254095,CORTEZ 81ST ANNIVERSARY C,Howard Miller
B000ZPRTKE,Howard Miller 635-125 Akron Mantel Clock,20867351251,635125,369,20867351251,AKRON,Howard Miller
B002PNL6Z8,Howard Miller 620-112 Katherine Wall Clock,20867201129,620112,379,20867201129,KATHERINE,Howard Miller
B001BZ2Q4G,Howard Miller 620-474 London Night Gallery Wall Clock,20867204748,620474,379,20867204748,LONDON NIGHT   MIT,Howard Miller
B000FUNR3C,Westbrook quartz wall clock,20867252817,625281,379,20867252817,WESTBROOK,Howard Miller
B004W8IE2W,Howard Miller Stapleton Clock,20867255207,625520,379,20867255207,STAPLETON,Howard Miller
B001C82DI6,Howard Miller 625-377 Arendal Wall Clock,20867253777,625377,389,20867253777,ARENDAL,Howard Miller
B001J9K9MU,Howard Miller 625-444 Glenwood Falls Gallery Wall Clock,20867254446,625444,389,20867254446,GLENWOOD FALLS,Howard Miller
B003GF78UG,Howard Miller 625-500 Cleo Wall Clock by,20867255009,625500,389,20867255009,CLEO WALL,Howard Miller
B001D0KQJG,Howard Miller 635-115 Marquis Mantel Clock,20867351152,635115,389,20867351152,MARQUIS,Howard Miller
B0007T1BX4,Howard Miller 612-588 Graham Bracket III Mantel Clock by,20867001200,612588,399,20867001200,GRAHAM BRACKET III,Howard Miller
B000YDD7A8,Howard Miller 625-383 Corbin Wall Clock,20867253838,625383,399,20867253838,CORBIN     BLACK WALL CLO,Howard Miller
B00196UL4O,Howard Miller 635-152 Sophie Mantel Clock,20867351527,635152,399,20867351527,SOPHIE 82ND ANNI M/C,Howard Miller
B003GF1JC4,Howard Miller 625-502 Gerhard Wall Clock by,20867255023,625502,409,20867255023,GERHARD WALL,Howard Miller
B00R9HU818,Howard Miller 625-578 Agatha Clock,20867255788,625578,409,20867255788,AGATHA,Howard Miller
B003EEMPS4,Howard Miller 685-100 Vancouver Curio Cabinet by,20867851003,685100,409,20867851003,VANCOUVER,Howard Miller
B003EEMPSO,Howard Miller 685-104 Edmonton Curio Cabinet by,20867851041,685104,409,20867851041,EDMONTON,Howard Miller
B003EEMPSY,Howard Miller 685-106 Montreal Curio Cabinet by,20867851065,685106,409,20867851065,MONTREAL,Howard Miller
B001C4X5NC,Howard Miller 625-410 Dorchester Wall Clock,20867254101,625410,419,20867254101,DORCHESTER WORN BLK W/C,Howard Miller
B001K724AG,Howard Miller 625-464 Copper Harbor Indoor/Outdoor Gallery Wall Clock,20867254644,625464,419,20867254644,COPPER HARBOR,Howard Miller
B001U9K20I,Howard Miller 625-471 Kristyn Wall Clock,20867254712,625471,419,20867254712,KRISTYN WALL CLK,Howard Miller
B001CPEBLQ,Howard Miller 630-159 Urban Mantel Clock,20867301591,630159,419,20867301591,URBAN MANTEL,Howard Miller
B002PNOFLK,Howard Miller 620-154 Eastmont Wall Clock,20867201549,620154,429,20867201549,EASTMONT,Howard Miller
B001CZAQBK,Howard Miller 625-378 Henderson Wall Clock,20867253784,625378,429,20867253784,HENDERSON,Howard Miller
B001C87RV4,Howard Miller 625-384 Jasmine Wall Clock,20867253845,625384,429,20867253845,JASMINE    W/CLOCK,Howard Miller
B001U9NV3I,Howard Miller 625-470 Joslin Wall Clock,20867254705,625470,449,20867254705,JOSLIN WALL CLK,Howard Miller
B000FUNQR4,Howard Miller 635-124 Cynthia Mantel Clock,20867351244,635124,449,20867351244, CYNTHIA,Howard Miller
B001J9ICT2,Howard Miller 625-439 Norristown Wall Clock,20867254392,625439,459,20867254392,NORRISTOWN,Howard Miller
B0078H2O0M,Howard Miller Harrisburg Clock,20867255191,625519,459,20867255191,HARRISBURG,Howard Miller
B0015LX0NM,Howard Miller 625-443 Rosario Gallery Wall Clock,20867254439,625443,469,20867254439,ROSARIO,Howard Miller
B00R9HU8CM,Howard Miller 625-576 Kipling Clock,20867255764,625576,469,20867255764,KIPLING,Howard Miller
B000AMAOFO,Howard Miller 613-467 Britannia Weather & Maritime Table Clock,20867006090,613467,479,20867006090,BRITANNIA,Howard Miller
B003GFAZ60,Howard Miller 625-474 Lewisburg Wall Clock by,20867254743,625474,489,20867254743,LEWISBURG,Howard Miller
B00J4VYWBE,Howard Miller Prospect Park Clock,20867255702,625570,499,20867255702,PROSPECT PARK,Howard Miller
B000F3GZVK,Howard Miller 612-718 Catalina Weather & Maritime Wall Clock,20867001484,612718,549,20867001484,CATALINA,Howard Miller
B000YDD604,Howard Miller 613-164 Orland Wall Clock,20867003372,613164,549,20867003372,ORLAND,Howard Miller
B000YDGW8M,Howard Miller 620-484 Auburn Gallery Wall Clock,20867204847,620484,549,20867204847,"AUBURN 32"" GALLERY",Howard Miller
B001CPG78G,Howard Miller 630-122 Fleetwood Mantel Clock,20867301126,630122,549,20867301126,FLEETWOOD,Howard Miller
B000TGZAAA,Howard Miller 630-150 Hampton Mantel Clock,20867301508,630150,549,20867301508,HAMPTON,Howard Miller
B001CPCTSI,Howard Miller 630-152 Hillsborough Mantel Clock,20867301522,630152,549,20867301522,HILLSBOROUGH,Howard Miller
B00P11LYCG,Howard Miller Harbor Springs Bar Stool,20867048663,697030,549,20867048663,HARBOR SPRINGS BAR STOOL,Howard Miller
B0001VOBHG,Howard Miller 620-156 Fenton Wall Clock,20867201563,620156,599,20867201563,FENTON,Howard Miller
B000YDD5JG,Howard Miller 620-158 Fenwick Wall Clock,20867201587,620158,599,20867201587,FENWICK,Howard Miller
B000FUXDAO,Howard Miller 620-160 Ansley Wall Clock,20867201600,620160,599,20867201600,ANSLEY,Howard Miller
B000YDEWS4,Howard Miller 625-352 Greer Wall Clock,20867253524,625352,599,20867253524,GREER,Howard Miller
B00ACBE5VC,Howard Miller Arendal Wall II Clock,20867255511,625551,599,20867255511,ARENDAL WALL II,Howard Miller
B000H65H78,Howard Miller 630-181 Grant Mantel Clock,20867301812,630181,599,20867301812,GRANT,Howard Miller
B00R92KEJY,Howard Miller Marsh Bay Console Curio/Display Cabinet,20867057931,680586,599,20867057931,MARSH BAY CONSOLE,Howard Miller
B003I86MIA,Howard Miller 697-010 Ithaca Pub Stool by,20867970100,697010,599,20867970100,ITHACA PUB STOOL,Howard Miller
B00P11OAOU,Howard Miller Cheers Bar Stool,20867024643,697027,599,20867024643,CHEERS BAR STOOL,Howard Miller
B00QY7GZE8,Howard Miller Woodrow Bar Stool,20867058549,697036,599,20867058549,WOODROW BAR STOOL,Howard Miller
B000H66Y66,Howard Miller 620-220 Lambourn I Wall Clock,20867202201,620220,649,20867202201,LAMBOURN I,Howard Miller
B001QU2CC2,Howard Miller 620-222 Lambourn II Wall Clock,20867202225,620222,649,20867202225,LAMBOURN II,Howard Miller
B003EEMPQ6,Howard Miller 680-487 Duane Curio Cabinet by,20867804870,680487,649,20867804870,DUANE,Howard Miller
B00ACBFRLE,Howard Miller Underhill Curio/Display Cabinet,20867049387,680533,649,20867049387,UNDERHILL,Howard Miller
B00PEC1X8C,Howard Miller Melissa III Curio/Display Cabinet,,680568,649,20867054107,,Howard Miller
B00WN4E52A,Howard Miller 680596 Underhill Iii Clock,20867059973,680596,649,20867059973,UNDERHILL III,Howard Miller
B01F1DJRDQ,Howard Miller 695166 Not Applicable 695-166 Pienza Wine & bar Cart,20867066049,695166,649,20867066049,PIENZA WINE & BAR CART,Howard Miller
B003I86MGW,Howard Miller 697-000 Ithaca Bar Stool by,20867970001,697000,649,20867970001,ITHACA BARSTOOL,Howard Miller
B003I86MH6,Howard Miller 697-001 Niagara Bar Stool by,20867970018,697001,649,20867970018,NIAGARA BARSTOOL,Howard Miller
B0051IAUME,Howard Miller Cortland Bar Stool,20867023462,697026,649,20867023462,CORTLAND BAR STOOL,Howard Miller
B000H68M7U,Howard Miller 620-182 Rowland Wall Clock,20867201822,620182,699,20867201822,ROWLAND,Howard Miller
B000I6N5DA,Howard Miller 620-184 Rothwell Wall Clock,20867201846,620184,699,20867201846,ROTHWELL,Howard Miller
B0001Q6D22,Howard Miller 620-242 Grand Americana Wall Clock,20867202423,620242,699,20867202423,GRAND AMERICANA,Howard Miller
B003EEMPF2,Howard Miller 680-245 Gregory Curio Cabinet by,20867802456,680245,699,20867802456,GREGORY,Howard Miller
B003EEMPHK,Howard Miller 680-341 Torrington Curio Cabinet,20867803415,680341,699,20867803415,TORRINGTON,Howard Miller
B003EEMPHU,Howard Miller 680-342 Hastings Curio Cabinet,20867803422,680342,699,20867803422,HASTINGS,Howard Miller
B003EEMPIE,Howard Miller 680-345 Lynwood Curio Cabinet,20867803453,680345,699,20867803453,LYNWOOD,Howard Miller
B003EEMPPW,Howard Miller 680-485 Dominic Curio Cabinet by,20867804856,680485,699,20867804856,DOMINIC,Howard Miller
B00ACBFSAY,Howard Miller Burrows Curio/Display Cabinet,20867049394,680535,699,20867049394,BURROWS,Howard Miller
B003I86MEO,Howard Miller 695-074 Butler Wine & Bar Cabinet,20867950744,695074,699,20867950744,BUTLER,Howard Miller
B003I86MHG,Howard Miller 697-002 Saranac Bar Stool by,20867970025,697002,699,20867970025,SARANAC BARSTOOL,Howard Miller
B003I86MI0,Howard Miller 697-009 Northport Bar Stool,20867970094,697009,699,20867970094,NORTHPORT BAR STOOL,Howard Miller
B003I86MJ4,Howard Miller 697-013 Niagara Club Chair,20867970131,697013,699,20867970131,NIAGARA CLUB CHAIR,Howard Miller
B006O3WZSW,Howard Miller Bonavista Club Chair,20867024568,697022,699,20867024568,BONAVISTA CLUB CHAIR,Howard Miller
B00P11OCL6,Howard Miller Oliver Bar Stool,20867024629,697024,699,20867024629,OLIVER BAR STOOL,Howard Miller
B001BXNVFQ,Howard Miller 612-437 Grahm Bracket Mantel Clock,20867000975,612437,749,20867000975,GRAHAM BRACKET,Howard Miller
B000I6LECE,Howard Miller 612-721 Olympia Weather & Maritime Wall Clock,20867001491,612721,749,20867001491,OLYMPIA,Howard Miller
B000I6LEE2,Howard Miller 613-180 Barrister Mantel Clock,20867003563,613180,749,20867003563,BARRISTER,Howard Miller
B000662NWQ,Howard Miller 615-010 Ravenna Cocktail Table Clock by,20867150106,615010,749,20867150106,RAVENNA-TABLE,Howard Miller
B00196WNT0,Howard Miller 620-185 Ashbee II Wall Clock,20867201853,620185,749,20867201853,ASHBEE II,Howard Miller
B000AM8MBC,Howard Miller 620-192 Helmsley Wall Clock,20867201921,620192,749,20867201921,HELMSLEY,Howard Miller
B00WN4ZTNO,Howard Miller 625-601 Company Time Wall Clock,20867256013,625601,749,20867256013,COMPANY TIME,Howard Miller
B003EEMPI4,Howard Miller 680-344 Cumberland Curio Cabinet,20867803446,680344,749,20867803446,CUMBERLAND,Howard Miller
B003EEMPIO,Howard Miller 680-347 Hammond Curio Cabinet,20867803477,680347,749,20867803477,HAMMOND,Howard Miller
B008BRGMYW,Howard Miller 680521 Elise Display Cabinet,20867805211,680521,749,20867805211,ELISE,Howard Miller
B003I86MIU,Howard Miller 697-012 Ithaca Club Chair,20867970124,697012,749,20867970124,ITHACA CLUB CHAIR,Howard Miller
B00QY7GUKM,Howard Miller Roxbury Club Chair,20867058532,697034,749,20867058532,ROXBURY CLUB CHAIR,Howard Miller
B003EEMPX4,Howard Miller 920-002 Oxford Bookcase Left Return,20867700127,920002,749,20867700127,"LEFT BK CASE 81-3/4"" H. C",Howard Miller
B003EEMPXE,Howard Miller 920-004 Oxford Bookcase Right Return,20867700134,920004,749,20867700134,"RIGHT BK CS 81-3/4"" H CH",Howard Miller
B003EEMPXO,Howard Miller 920-005 Oxford Bookcase Bunching,20867200054,920005,749,20867200054,CENTER BK CS OR STAND ALO,Howard Miller
B003EEMPY8,Howard Miller 920-008 Oxford Bookcase Left Return,20867700158,920008,749,20867700158,"LEFT BK CASE 81-3/4"" ANTQ",Howard Miller
B003EEMPYI,Howard Miller 920-010 Oxford Bookcase Right Return,20867700165,920010,749,20867700165,"RIGHT BK CS 81-3/4"" ANTQ.",Howard Miller
B003EEMPYS,Howard Miller 920-011 Oxford Bookcase Bunching,20867200115,920011,749,20867200115,"CTR BOOK CS 81-3/4"" ANTQ",Howard Miller
B003EEMPZC,Howard Miller 920-014 Oxford Bookcase Left Return,20867200146,920014,749,20867200146,"LEFT BK CASE 81-3/4"" ANT",Howard Miller
B003EEMPZM,Howard Miller 920-016 Ty Pennington Oxford Bookcase Right Return by,20867200160,920016,749,20867200160,"RIGHT BK CS 81-3/4"" ANTQ",Howard Miller
B003EEMPZW,Howard Miller 920-017 Oxford Bookcase Bunching,20867200177,920017,749,20867200177,"CTR BK CS 81-3/4"" ANTQ BL",Howard Miller
B001CPCTOW,Howard Miller 630-161 Mason Mantel Clock,20867301614,630161,799,20867301614,MASON,Howard Miller
B000YDD6O0,Howard Miller 630-216 Carson Mantel Clock,20867301164,630216,799,20867301164,CARSON,Howard Miller
B003EEMPHA,Howard Miller 680-340 Portland Curio Cabinet,20867803408,680340,799,20867803408,PORTLAND,Howard Miller
B003EEMPJI,Howard Miller 680-404 Constance Curio Cabinet,20867804047,680404,799,20867804047,CONSTANCE,Howard Miller
B003EEMPPM,Howard Miller 680-483 Drake Curio Cabinet by,20867804832,680483,799,20867804832,DRAKE,Howard Miller
B00WN4E2HS,Howard Miller 680594 Underhill Ii Clock,20867059966,680594,799,20867059966,UNDERHILL II,Howard Miller
B000I6N56C,Howard Miller 613-182 Lynton Mantel Clock,20867003570,613182,849,20867003570,LYNTON,Howard Miller
B001BYBWD8,Howard Miller 620-132 Lancaster Wall Clock,20867201327,620132,849,20867201327,LANCASTER,Howard Miller
B001D4URDC,Howard Miller 620-232 Daniel Wall Clock,20867202324,620232,849,20867202324,DANIEL,Howard Miller
B000I6LENS,Howard Miller 630-220 Palmer Mantel Clock,20867302208,630220,849,20867302208,PALMER,Howard Miller
B000YDD6PY,Howard Miller 630-222 Hadley Mantel Clock,20867302222,630222,849,20867302222,HADLEY,Howard Miller
B003EEMPDE,Howard Miller 680-145 Gilmore Curio Cabinet,20867801459,680145,849,20867801459,GILMORE,Howard Miller
B003EEMPOI,Howard Miller 680-471 Moorland Curio Cabinet,20867804719,680471,849,20867804719,MOORLAND 2-WAY SLIDER OAK,Howard Miller
B003EEMPP2,Howard Miller 680-477 Berends Curio Cabinet,20867804771,680477,849,20867804771,BERENDS 2-WAY SLIDER  W/M,Howard Miller
B00R92K3LI,Howard Miller Berends II Curio/Display Cabinet,20867054077,680478,849,20867054077,BERENDS II,Howard Miller
B00R92KC0K,Howard Miller Martindale II Curio/Display Cabinet,20867054152,680577,849,20867054152,MARTINDALE II,Howard Miller
B00R92KBTC,Howard Miller Martindale III Curio/Display Cabinet,20867054169,680578,849,20867054169,MARTINDALE III,Howard Miller
B00R92KBXI,Howard Miller Berends III Curio/Display Cabinet,20867054176,680579,849,20867054176,BERENDS III,Howard Miller
B00R92KC7S,Howard Miller Berends IV Curio/Display Cabinet,20867054183,680580,849,20867054183,BERENDS IV,Howard Miller
B00P11LITA,Howard Miller Piedmont II Wine and Bar Storage Cabinet,20867049820,690003,849,20867049820,PIEDMONT II,Howard Miller
B002C4RDI4,Rdigeway Harper Grandfather Clock Made in USA,,2552,899,877000000000,,Ridgeway
B001BXLIO2,Howard Miller 613-102 Worthington Mantel Clock,20867001620,613102,899,20867001620,WORTHINGTON,Howard Miller
B000H65H3M,Howard Miller 620-234 David Wall Clock,20867202348,620234,899,20867202348,DAVID,Howard Miller
B001BZ4AHC,Howard Miller 620-445 Jennelle Wall Clock,20867204458,620445,899,20867204458,JENNELLE  78TH,Howard Miller
B00M6MK48I,Howard Miller Chesterfield III Curio/Display Cabinet,20867054060,680287,899,20867054060,CHESTERFIELD III,Howard Miller
B003EEMPG6,Howard Miller 680-288 Chesterfield II Curio Cabinet,20867802883,680288,899,20867802883,CHESTERFIELD II,Howard Miller
B003EEMPKC,Howard Miller 680-412 Saloman Curio Cabinet,20867804122,680412,899,20867804122,SALOMAN,Howard Miller
B003EEMPRA,Howard Miller 680-495 Murphy Curio Cabinet by,20867014811,680495,899,20867014811,MURPHY,Howard Miller
B01F1DJQG4,Howard Miller 680609 Jaime Display Cabinet,20867065516,680609,899,20867065516,JAIME,Howard Miller
B00P11LKUC,Howard Miller Piedmont III Wine and Bar Storage Cabinet,20867049837,690007,899,20867049837,PIEDMONT III,Howard Miller
B0037019VY,Howard Miller 611-148 Le Rose Grandfather Clock by,20867111480,611148,949,20867111480,LE ROSE,Howard Miller
B0018K4R78,Howard Miller 612-429 Samuel Watson Mantel Clock,20867000951,612429,949,20867000951,SAMUEL WATSON,Howard Miller
B000AMAP6W,Howard Miller 613-108 Sandringham Wall Clock,20867001668,613108,949,20867001668,SANDRINGHAM,Howard Miller
B001CZERJ2,Howard Miller 620-226 Maxwell Wall Clock   Howard Miller,20867202263,620226,949,20867202263,MAXWELL,Howard Miller
B003EEMPRU,Howard Miller 680-499 Roslyn Curio Cabinet,20867014835,680499,949,20867014835,ROSLYN,Howard Miller
B003GF351M,Howard Miller 680-501 BERNADETTE Cabinet,20867019052,680501,949,20867019052,BERNADETTE,Howard Miller
B00L9YZRKY,Howard Miller Marsh Bay Curio/Display Cabinet,20867049752,680545,949,20867049752,MARSH BAY,Howard Miller
B00PQ5BBMK,Howard Miller Jayden Curio/Display Cabinet,20867054138,680575,949,20867054138,JAYDEN,Howard Miller
B00PQ5K4WI,Howard Miller Jayden II Curio/Display Cabinet,20867054145,680576,949,20867054145,JAYDEN II,Howard Miller
B00FCRUSJY,Howard Miller Red Mountain Wine and Bar Storage Cabinet,20867049714,695138,949,20867049714,RED MOUNTAIN,Howard Miller
B00R92KEHQ,Howard Miller Shayne Curio/Display Cabinet,20867057740,680590,999,20867057740,SHAYNE,Howard Miller
B00R9HV1NM,Howard Miller Camlon Clock,20867054039,611228,1049,20867054039,CAMLON,Howard Miller
B000FUXDNG,Howard Miller 630-198 Newley Mantel Clock,20867301980,630198,1049,20867301980,NEWLEY,Howard Miller
B003EEMPKW,Howard Miller 680-420 Ricardo Curio Cabinet,20867804207,680420,1049,20867804207,RICARDO    CH 2 WAY SLIDE,Howard Miller
B003GFAZB0,Howard Miller 680503 Chancellor Display Cabinet,,680503,1049,20867019069,,Howard Miller
B00ACBFSW2,Howard Miller Tyler Curio/Display Cabinet,20867049400,680537,1049,20867049400,TYLER,Howard Miller
B00R92K5EI,Howard Miller Tyler II Curio/Display Cabinet,20867054244,680538,1049,20867054244,TYLER II,Howard Miller
B00WN4E79G,Howard Miller 680598 Quinn Display Cabinet,20867061884,680598,1049,20867061884,QUINN,Howard Miller
B00WN4E96M,Howard Miller 680599 Quinn Ii Clock,20867061891,680599,1049,20867061891,QUINN II,Howard Miller
B00WN4EJ94,Howard Miller 680605 Tessa Display Cabinet,20867061938,680605,1049,20867061938,TESSA,Howard Miller
B003I86M12,Howard Miller 690-000 Piedmont Corner Wine Cabinet,20867900008,690000,1049,20867900008,PIEDMONT,Howard Miller
B003EEMPWU,Howard Miller 920-000 Oxford Bookcase Center,20867700110,920000,1049,20867700110,"CENTER BK CASE 85-3/4"" H",Howard Miller
B003EEMPXY,Howard Miller 920-006 Oxford Bookcase Center,20867700141,920006,1049,20867700141,"CENTER BK CS 85-3/4"" ANTQ",Howard Miller
B003EEMPZ2,Howard Miller 920-012 Oxford Bookcase Center,20867200122,920012,1049,20867200122,"CTR BK CS 85-3/4"" ANTQ BL",Howard Miller
B01E523WOO,"Howard Miller 611259 Not Applicable 611-259 Whitelock (White),,",20867065264,611259,1099,20867065264,WHITELOCK   (WHITE),Howard Miller
B000YDJ21G,Howard Miller 630-200 Barrett Mantel Clock,20867302000,630200,1099,20867302000,BARRETT,Howard Miller
B000FUPNXY,Howard Miller 630-202 Barrett II Mantel Clock,20867302024,630202,1099,20867302024,BARRETT II 2002 ANNI CLOC,Howard Miller
B003EEMPDO,Howard Miller 680-205 Berkshire Curio Cabinet by,20867802050,680205,1099,20867802050,BERKSHIRE,Howard Miller
B003EEMPDY,Howard Miller 680-207 Wilshire Curio Cabinet by,20867802074,680207,1099,20867802074,WILSHIRE,Howard Miller
B003EEMPFW,Howard Miller 680-286 Chesterfield Curio Cabinet,20867802869,680286,1099,20867802869,CHESTERFIELD,Howard Miller
B003EEMPGQ,Howard Miller 680-337 Dublin Curio Cabinet,20867803378,680337,1099,20867803378,DUBLIN,Howard Miller
B003EEMPH0,Howard Miller 680-339 Donegal Curio Cabinet,20867803392,680339,1099,20867803392,DONEGAL,Howard Miller
B003EEMPNO,Howard Miller 680-445 Hartland Curio Cabinet,20867804450,680445,1099,20867804450,HARTLAND,Howard Miller
B003EEMPO8,Howard Miller 680-469 Martindale Curio Cabinet,20867804696,680469,1099,20867804696,MARTINDALE,Howard Miller
B003EEMPPC,Howard Miller 680-479 Andreus Curio Cabinet,20867804795,680479,1099,20867804795,ANDREUS    TUSCANY CH,Howard Miller
B00R92KEAI,Howard Miller Luke Curio/Display Cabinet,20867057733,680588,1099,20867057733,LUKE,Howard Miller
B00P11MMZ4,Howard Miller Gimlet Wine and Bar Storage Cabinet,20867049479,690005,1099,20867049479,GIMLET,Howard Miller
B003I86M76,Howard Miller 693-007 Niagara Bar Hutch by,20867930074,693007,1099,20867930074,NIAGARA HUTCH RUSTIC CH,Howard Miller
B001BXPQ9U,Howard Miller 613-229 Alcott Wall Clock,20867004287,613229,1149,20867004287,ALCOTT,Howard Miller
B000YDD6NG,Howard Miller 630-212 Circa Mantel Clock,20867302123,630212,1149,20867302123,CIRCA,Howard Miller
B008BRD0XS,Howard Miller 680523 Manford Display Cabinet,20867805235,680523,1149,20867805235,MANFORD,Howard Miller
B00ACBFQFQ,Howard Miller Marlowe Curio/Display Cabinet,20867048960,680529,1149,20867048960,MARLOWE,Howard Miller
B00WN4ELIS,Howard Miller 680607 Caden Display Cabinet,20867061945,680607,1149,20867061945,CADEN,Howard Miller
B00WN4EO5I,Howard Miller 680608 Not Applicable 680-608 Caden II,20867061952,680608,1149,20867061952,CADEN II,Howard Miller
B003I86MEY,Howard Miller 695-078 Cognac Wine & Bar Cabinet,20867950782,695078,1149,20867950782,COGNAC,Howard Miller
B000R2H734,Howard Miller 610-614 Cherish Grandfather Clock,20867106141,610614,1199,20867106141,CHERISH,Howard Miller
B000YDEVVM,Howard Miller 613-192 Downing Mantel Clock,20867003723,613192,1199,20867003723,DOWNING,Howard Miller
B003EEMPFM,Howard Miller 680-250 Jamestown II Curio Cabinet,20867802500,680250,1199,20867802500,JAMESTOWN II,Howard Miller
B003EEMPRK,Howard Miller 680-497 Felicia Curio Cabinet by,20867014828,680497,1199,20867014828,FELICIA,Howard Miller
B00ACBFTHG,Howard Miller Brenna Curio/Display Cabinet,20867049417,680539,1199,20867049417,BRENNA,Howard Miller
B00JS8QJOQ,Howard Miller Sienna Bay Wine and Bar Storage Cabinet,20867050321,690030,1199,20867050321,SIENNA BAY,Howard Miller
B003I86MA8,Howard Miller 695-002 Cabernet Hills Wine & Bar Console,20867950027,695002,1199,20867950027,CABERNET HILLS,Howard Miller
B001CKBIBC,Howard Miller 611-138 Princeton Grandfather Clock,20867111381,611138,1249,20867111381,PRINCETON,Howard Miller
B000EZS5JE,Howard Miller 620-249 Lawyer II Wall Clock,20867202492,620249,1249,20867202492,LAWYER II,Howard Miller
B000I6LEPQ,Howard Miller 620-433 Earnest Wall Clock by,20867204335,620433,1249,20867204335,EARNEST,Howard Miller
B003EEMPIY,Howard Miller 680-395 Bradington Curio Cabinet,20867803958,680395,1249,20867803958,BRADINGTON,Howard Miller
B01A51U2H4,Howard Miller 680587 Luke Iii Clock,20867064335,680587,1249,20867064335,LUKE III,Howard Miller
B00WN4EDI6,Howard Miller 680603 Gillian Display Cabinet,20867061914,680603,1249,20867061914,GILLIAN,Howard Miller
B00WN4EG9W,Howard Miller 680604 Not Applicable 680-604 Gillian II,20867061921,680604,1249,20867061921,GILLIAN II,Howard Miller
B00J4VY0FM,Howard Miller Avalon Clock,20867050239,611220,1299,20867050239,AVALON,Howard Miller
B00R9HUW28,Howard Miller Blayne Clock,20867057634,611236,1299,20867057634,BLAYNE,Howard Miller
B01F1DJA6K,"Howard Miller 611258 Not Applicable 611-258 Whitelock II (black),,",20867068647,611258,1299,20867068647,WHITELOCK II         (BLA,Howard Miller
B000H68MDY,Howard Miller 612-436 Thomas Tompion Mantel Clock,20867000968,612436,1299,20867000968,THOMAS TOMPION,Howard Miller
B000YDJ1GW,Howard Miller 613-110 Westmont Wall Clock,20867001675,613110,1299,20867001675,WESTMONT,Howard Miller
B003EEMPJ8,Howard Miller 680-396 Bradington II Curio Cabinet,20867803965,680396,1299,20867803965,BRADINGTON II,Howard Miller
B00WN4DX3C,Howard Miller 680589 Not Applicable 680-589 Luke II,20867059959,680589,1299,20867059959,LUKE II,Howard Miller
B007JN0IF8,Howard Miller 695116 Lodi Display Cabinet,,695116,1299,20867025886,,Howard Miller
B01BB6AX9Y,Howard Miller 670-000 Densmoore Display Cabinet,20867066117,670000,1349,20867066117,DENSMOORE,Howard Miller
B01DJJR9OI,Howard Miller 670-001 Densmoore II Display Cabinet,20867066124,670001,1349,20867066124,DENSMOORE II,Howard Miller
B01A51BKK2,Howard Miller 670-005 Lennon Display Cabinet,20867066131,670005,1349,20867066131,LENNON,Howard Miller
B01DJJR9UC,Howard Miller 670-006 Lennon II Display Cabinet,20867066148,670006,1349,20867066148,LENNON II,Howard Miller
B01BUWNTK4,Howard Miller 670-007 Lennon III Display Cabinet,20867066544,670007,1349,20867066544,LENNON III,Howard Miller
B01A51GP20,Howard Miller 670-008 Lennon IV Display Cabinet,20867066551,670008,1349,20867066551,LENNON IV,Howard Miller
B01LBDKJI2,Howard Miller 670035 Not Applicable Morrissey - Aged Java,20867070459,670035,1349,20867070459,MORRISSEY - AGED JAVA,Howard Miller
B01LBDKKY0,Howard Miller 670036 Not Applicable Morrissey II - Aged Grey,20867070466,670036,1349,20867070466,MORRISSEY II - AGED GREY,Howard Miller
B003EEMPES,Howard Miller 680-243 Embassy Curio Cabinet by,20867802432,680243,1349,20867802432,EMBASSY,Howard Miller
B009F2LW5G,Howard Miller Ashford Curio/Display Cabinet,20867048670,680527,1349,20867048670,ASHFORD,Howard Miller
B00DNR9Q84,Howard Miller Canyon Curio/Display Cabinet,20867049738,680541,1349,20867049738,CANYON,Howard Miller
B00R92K9ZI,Howard Miller Jayden III Curio/Display Cabinet,20867057580,680572,1349,20867057580,JAYDEN III,Howard Miller
B00R92K9WQ,Howard Miller Jayden IV Curio/Display Cabinet,20867057597,680574,1349,20867057597,JAYDEN IV,Howard Miller
B001BYEJ3I,Howard Miller 620-196 New Haven Wall Clock,20867201969,620196,1399,20867201969,NEW HAVEN WALL CLOCK,Howard Miller
B00AYORH6C,Howard Miller Benmore Valley Wine and Bar Storage Cabinet,20867048267,695124,1399,20867048267,BENMORE VALLEY,Howard Miller
B00R92KNLI,Howard Miller Barolo Console,20867058464,695150,1399,20867058464,BAROLO CONSOLE,Howard Miller
B00R92KPAC,Howard Miller Clare Valley Console,20867058495,695156,1399,20867058495,CLARE VALLEY CONSOLE,Howard Miller
B00R92KPAM,Howard Miller Walker Bay Console,20867058501,695158,1399,20867058501,WALKER BAY CONSOLE,Howard Miller
B00R92KPHK,Howard Miller Brunello Wine and Bar Storage Cabinet,20867058518,695160,1399,20867058518,BRUNELLO,Howard Miller
B01F1DJRZE,Howard Miller 695172 Rufina Display Cabinet,20867068609,695172,1399,20867068609,RUFINA,Howard Miller
B01F1DJS6W,Howard Miller 695174 Monaciano W&B Console Display Cabinet,20867068616,695174,1399,20867068616,MONACIANO W&B CONSOLE,Howard Miller
B000EZ36ZC,Howard Miller 610-733 Nottingham Grandfather Clock by,20867107339,610733,1449,20867107339,NOTTINGHAM,Howard Miller
B000YDD5CS,Howard Miller 615-050 Tamarack Floor Clock,20867150502,615050,1449,20867150502,TAMARACK  AGED IRONSTONE,Howard Miller
B008BRGOPY,Howard Miller Emporia Clock,20867027064,630266,1449,20867027064,EMPORIA,Howard Miller
B01DJJR9NE,Howard Miller 670-010 Chasman Display Cabinet,20867066155,670010,1449,20867066155,CHASMAN,Howard Miller
B01DJJRBXW,Howard Miller 670-011 Chasman II Display Cabinet,20867066162,670011,1449,20867066162,CHASMAN II,Howard Miller
B01DJJRC1I,Howard Miller 670-012 Chasman III Display Cabinet,20867066568,670012,1449,20867066568,CHASMAN III,Howard Miller
B01DJJRC1S,Howard Miller 670-013 Chasman IV Display Cabinet,20867066575,670013,1449,20867066575,CHASMAN IV,Howard Miller
B003EEMPFC,Howard Miller 680-249 Jamestown Curio Cabinet,20867802494,680249,1449,20867802494,JAMESTOWN,Howard Miller
B003EEMPGG,Howard Miller 680-290 Embassy II Curio Cabinet,20867802906,680290,1449,20867802906,EMBASSY II,Howard Miller
B003I86MBM,Howard Miller 695-016 Merlot Valley Wine & Bar Console,20867950164,695016,1449,20867950164,MERLOT VALLEY,Howard Miller
B00R92KNFO,Howard Miller Homestead Wine and Bar Storage Cabinet,20867058440,695144,1499,20867058440,HOMESTEAD WINE & BAR CABI,Howard Miller
B001XGQAXQ,Howard Miller 613-559 Webster Mantel Clock,20867135592,613559,1549,20867135592,WEBSTER,Howard Miller
B003EEMPE8,Howard Miller 680-235 Townsend Curio Cabinet by,20867802357,680235,1549,20867802357,TOWNSEND,Howard Miller
B003I86M6W,Howard Miller 693-006 Niagara Bar Console by,20867930067,693006,1549,20867930067,NIAGARA CONSOLE RUSTIC CH,Howard Miller
B01F1DJQN2,Howard Miller 695015 Not Applicable 695-015 Key West,20867065011,695015,1549,20867065011,TOSCANA,Howard Miller
B001RII9HU,Howard Miller 699-010 Ithaca Pub Table by,20867990108,699010,1549,20867990108,ITHACA PUB TABLE,Howard Miller
B000YDJ0JK,Howard Miller 615-005 Nashua Floor Clock,20867150052,615005,1599,20867150052,NASHUA,Howard Miller
B00WN4BEMY,Howard Miller 615-067 Chaplin IV Floor Clock,20867062287,615067,1599,20867062287,CHAPLIN IV,Howard Miller
B01LBDDPBA,Howard Miller 670030 Meisha-Aged Umber,20867070411,670030,1599,20867070411,MEISHA-AGED UMBER,Howard Miller
B01LBDKMLG,Howard Miller 670031 Not Applicable Meisha II - Aged Natural,20867070428,670031,1599,20867070428,MEISHA II - AGED NATURAL,Howard Miller
B01LBDKMUM,Howard Miller 670032 Not Applicable Meisha III-Aged Auburn,20867070435,670032,1599,20867070435,MEISHA III-AGED AUBURN,Howard Miller
B01LBDKMKC,Howard Miller 670033 Not Applicable Meisha IV - Aged black,20867070442,670033,1599,20867070442,MEISHA IV - AGED BLACK,Howard Miller
B003EEMPOS,Howard Miller 680-473 Ramsdell Curio Cabinet,20867804733,680473,1599,20867804733,RAMSDELL,Howard Miller
B000YDKBP2,Howard Miller 612-221 Jennison Wall Clock,20867000661,612221,1649,20867000661,JENNISON,Howard Miller
B001CYVLGK,Howard Miller 613-637 Lewis Wall Clock,20867136377,613637,1649,20867136377,LEWIS,Howard Miller
B00R9HUWJG,Howard Miller 615-071 Chaplin II Desk & Shelf Clock,20867053933,615071,1649,20867053933,"CHAPLIN II ""DRIFTWOOD""",Howard Miller
B01D09FW0K,Howard Miller 615-080 Time Surveyor Floor Clock,20867064175,615080,1649,20867064175,TIME SURVEYOR,Howard Miller
B01DJJRBWS,Howard Miller 670-015 Desmond Display Cabinet,20867066179,670015,1649,20867066179,DESMOND,Howard Miller
B01DJJRBDW,Howard Miller 670-016 Desmond II Display Cabinet,20867066186,670016,1649,20867066186,DESMOND II,Howard Miller
B01DJJRC2W,Howard Miller 670-017 Desmond III Display Cabinet,20867066582,670017,1649,20867066582,DESMOND III,Howard Miller
B01DJJRBEQ,Howard Miller 670-018 Desmond IV Display Cabinet,20867066599,670018,1649,20867066599,DESMOND IV,Howard Miller
B01DJJREA2,Howard Miller 670-020 Clawson Display Cabinet,20867066193,670020,1649,20867066193,CLAWSON,Howard Miller
B01DJJREXO,Howard Miller 670-021 Clawson II Display Cabinet,20867066209,670021,1649,20867066209,CLAWSON II,Howard Miller
B01DJJREZ2,Howard Miller 670-022 Clawson III Display Cabinet,20867066605,670022,1649,20867066605,CLAWSON III,Howard Miller
B01DJJREB6,Howard Miller 670-023 Clawson IV Display Cabinet,20867066612,670023,1649,20867066612,CLAWSON IV,Howard Miller
B01LBDDP60,Howard Miller 670040 Chadsford-Aged Umber,20867070473,670040,1649,20867070473,CHADSFORD-AGED UMBER,Howard Miller
B01LBDDP6K,Howard Miller 670041 Chadsford II - Aged Natural,20867070480,670041,1649,20867070480,CHADSFORD II - AGED NATURA,Howard Miller
B01LBDDPGA,Howard Miller 670042 Chadsford III - Aged Auburn,20867070497,670042,1649,20867070497,CHADSFORD III - AGED AUBUR,Howard Miller
B01LBDDQ3C,Howard Miller 670043 Chadsford IV - Aged Black,20867070503,670043,1649,20867070503,CHADSFORD IV - AGED BLACK,Howard Miller
B003EEMPEI,Howard Miller 680-237 Parkview Curio Cabinet by,20867802371,680237,1649,20867802371,PARKVIEW,Howard Miller
B003FO2OWK,Howard Miller 611-170 Warren Grandfather Clock by,20867014606,611170,1699,20867014606,WARREN,Howard Miller
B00R9HUQY2,Howard Miller 615-069 Chaplin III Clock,20867056484,615069,1699,20867056484,CHAPLIN III WHITE GLOSSY,Howard Miller
B07255PQC2,"Howard Miller Burnett Floor Standing Grandfather Clock, Cherry Bordeaux",,660254,1699,20867602544,,Howard Miller
B071DQFBP5,"Howard Miller Hartford Floor Standing Grandfather Clock, Legacy Oak",,660256,1699,20867602568,,Howard Miller
B00R92KNG8,Howard Miller Barrow Wine and Bar Storage Console,20867058457,695146,1699,20867058457,BARROW WINE & BAR CABINET,Howard Miller
B001BXPQ36,Howard Miller 610-519 Ashley Grandfather Clock,20867105199,610519,1749,20867105199,ASHLEY,Howard Miller
B0018K2RCK,Howard Miller 610-520 Chateau Grandfather Clock,20867005420,610520,1749,20867005420,CHATEAU,Howard Miller
B004OZ4TZE,Howard Miller Nicea Clock,20867016235,611176,1749,20867016235,NICEA,Howard Miller
B003I86MFS,Howard Miller 695-084 Shiraz Wine & Bar Console,20867950843,695084,1749,20867950843,SHIRAZ,Howard Miller
B00R9HUR5A,Howard Miller Regis Clock,20867057924,620502,1849,20867057924,REGIS,Howard Miller
B003I86MFI,Howard Miller 695-082 Cornerstone Estates Corner Wine Cabinet,20867950829,695082,1899,20867950829,CORNERSTONE ESTATES CORNE,Howard Miller
B000EYMSD4,Traditional Richardson II Curio Clock,,9702,1949,877000000000,,Ridgeway
B000I6LQUE,Howard Miller 610-895 Jonathan Grandfather Clock by,20867108954,610895,1949,20867108954,JONATHAN,Howard Miller
B000GHEDKU,Howard Miller 611-070 Duvall Grandfather Clock by,20867110704,611070,1949,20867110704,DUVALL,Howard Miller
B000NNZDYC,Howard Miller 611-072 Parson Grandfather Clock by,20867110728,611072,1949,20867110728,PARSON,Howard Miller
B00WN4IPC6,Howard Miller 695142 Sambuca Wine & Bar Cabinet Clock,20867059546,695142,1949,20867059546,SAMBUCA WINE & BAR CABINE,Howard Miller
B00R92KP9S,Howard Miller Barolo Wine and Bar Storage Cabinet,20867058488,695154,1949,20867058488,BAROLO,Howard Miller
B0018K7V26,Howard Miller 610-892 Joseph Grandfather Clock by,20867108923,610892,1999,20867108923,JOSEPH,Howard Miller
B00196UKLI,Howard Miller 610-983 Benjamin Grandfather Clock by,20867109838,610983,1999,20867109838,BENJAMIN,Howard Miller
B00196WNP4,Howard Miller 610-985 Gavin Grandfather Clock by,20867109852,610985,1999,20867109852,GAVIN,Howard Miller
B01A4WR11Y,Howard Miller 611-243 Amesbury Grandfather Clock,20867063703,611243,1999,20867063703,AMESBURY,Howard Miller
B00BCMMKDK,Howard Miller 615-070 Chaplin Floor Clock,20867048649,615070,1999,20867048649,CHAPLIN BLACK COFFEE,Howard Miller
B003I86MF8,Howard Miller 695-080 Bar Devino Wine & Bar Console by,20867950805,695080,1999,20867950805,BAR DEVINO,Howard Miller
B009F2NXX0,Rogue Valley Wine & Bar Cabinet,20867027026,695122,1999,20867027026,ROGUE VALLEY,Howard Miller
B00R92KNJK,Howard Miller Clare Valley Wine and Bar Storage Cabinet,20867058471,695152,1999,20867058471,CLARE VALLEY,Howard Miller
B00S79D4C2,Howard Miller 611-242 Harland Grandfather Clock,20867058815,611242,2049,20867058815,HARLAND           89TH AN,Howard Miller
B01D4QGYKG,Howard Miller 611-262 Wellston Grandfather Clock,20867066001,611262,2149,20867066001,WELLSTON,Howard Miller
B01F1DJRIQ,Howard Miller 695168 Monaciano W&B Cabinet Display Cabinet,20867068586,695168,2149,20867068586,MONACIANO W&B CABINET,Howard Miller
B00QY7H0JW,Howard Miller Roxbury Game Table,20867058587,699034,2149,20867058587,ROXBURY GAME TABLE,Howard Miller
B00D49EAJQ,Howard Miller Browman Clock,20867049363,611202,2199,20867049363,BROWMAN,Howard Miller
B00J4VZD8U,Howard Miller Hour Glass Clock,20867050031,615074,2199,20867050031,HOURGLASS,Howard Miller
B00ACBFVPQ,Howard Miller Harbor Springs Bar Console,20867049448,693030,2249,20867049448,HARBOR SPRINGS BAR,Howard Miller
B01MYW61F3,Ridgeway 2572 FLOOR CLOCK BISQUE FINISH,,2572,2299,877000000000,,Ridgeway
B00J4VY2S2,Howard Miller Wilford Clock,20867050345,611226,2299,20867050345,WILFORD,Howard Miller
B0069ZT7UY,Howard Miller 695111 Norcross Clock,20867023455,695111,2299,20867023455,NORCROSS,Howard Miller
B008Z7ZOYW,Ridgeway Grandfather Clocks Archdale Grandfather Clock,,2564,2399,877000000000,,Ridgeway
B0018K0Z2Y,Howard Miller 610-866 Urban II Grandfather Clock by,20867108664,610866,2399,20867108664,URBAN II,Howard Miller
B00GS1T056,Howard Miller Moss Ridge Clock,20867050093,611214,2399,20867050093,MOSS RIDGE,Howard Miller
B003I86ME4,Howard Miller 695-064 Sonoma Hide-A-Bar Wine Cabinet,20867950645,695064,2399,20867950645,SONOMA,Howard Miller
B001L0ZOE0,Howard Miller 699-012 Ithaca Game Table,20867990122,699012,2449,20867990122,ITHACA GAME TABLE,Howard Miller
B001TYW6GC,Howard Miller 699-013 Niagara Game Table,20867990139,699013,2449,20867990139,NIAGARA GAME TABLE,Howard Miller
B017WPDUH0,2573 Nikolas Ridgeway Floor Clock,,2573,2499,877000000000,,Ridgeway
B000WFW8C6,Howard Miller 611-122 Wellington Grandfather Clock by,20867111220,611122,2499,20867111220,WELLINGTON  HAMPTON CH,Howard Miller
B00S79D6HK,Howard Miller 611-244 Grayland Grandfather Clock,20867058822,611244,2499,20867058822,GRAYLAND          89TH AN,Howard Miller
B01F1DJ9O8,Howard Miller 611256 Stefania Clock,20867068630,611256,2499,20867068630,STEFANIA,Howard Miller
B003G7WJR6,San Antonio Clock,,2557,2549,877000000000,,Ridgeway
B008Z7ZP4Q,Mildenhall Grandfather Clock,,2565,2549,877000000000,,Ridgeway
B00SIOK6HW,Ridgeway 2569 Contemporary Arched Cable Driven Chiming Floor Clock,,2569,2599,877000000000,,Ridgeway
B000YDEVH6,Howard Miller 611-084 Ramsey Grandfather Clock by,20867110841,611084,2599,20867110841,RAMSEY,Howard Miller
B00GMLBVV8,Howard Miller Jasper Clock,20867049783,611204,2599,20867049783,JASPER,Howard Miller
B00J4VY5XO,Howard Miller Alford Clock,20867050338,611224,2599,20867050338,ALFORD,Howard Miller
B01F1DJ8R6,Howard Miller 611252 Celine Clock,20867064779,611252,2599,20867064779,CELINE,Howard Miller
B00RE1XHB2,Ridgeway 2567,,2567,2649,877000000000,,Ridgeway
B00ACBDLTO,Howard Miller Leyden Clock,20867049370,611198,2699,20867049370,LEYDEN,Howard Miller
B00D49BNN2,Howard Miller Baldwin Clock,20867049356,611200,2699,20867049356,BALDWIN,Howard Miller
B000NNRYZI,Howard Miller 611-042 Robinson Grandfather Clock by,20867110421,611042,2749,20867110421,ROBINSON,Howard Miller
B0018K4R5A,Howard Miller 611-044 Schultz Grandfather Clock,20867110445,611044,2749,20867110445,SCHULTZ 79th ANNIVERSARY,Howard Miller
B000UID2LQ,Howard Miller 611-102 Neilson Grandfather Clock by,20867111022,611102,2749,20867111022,NEILSON,Howard Miller
B00R9HUWI2,Howard Miller Terance Clock,20867057726,611240,2749,20867057726,TERANCE,Howard Miller
B007JN0KY2,Howard Miller Bonavista Game Table,20867024575,699022,2749,20867024575,BONAVISTA GAME TABLE    K,Howard Miller
B00196WNXG,Howard Miller 611-017 Langston Grandfather Clock by,20867110179,611017,2799,20867110179,LANGSTON,Howard Miller
B00196T708,Howard Miller 611-019 Bronson Grandfather Clock by,20867110193,611019,2799,20867110193,BRONSON,Howard Miller
B008BRF068,Howard Miller Beckett Clock,20867040681,611194,2799,20867040681,BECKETT,Howard Miller
B0083WC8WK,Howard Miller Kinsley Clock,20867040698,611196,2799,20867040698,KINSLEY,Howard Miller
B01D4QGYLK,Howard Miller 611-260 Brethren Grandfather Clock,20867065998,611260,2799,20867065998,BRETHERAN,Howard Miller
B003I86M6C,Howard Miller 693-001 Niagara Bar,20867930012,693001,2799,20867930012,NIAGARA BAR,Howard Miller
B000AM8M4E,Howard Miller 610-804 Greene Grandfather Clock by,20867108046,610804,2849,20867108046,GREENE II,Howard Miller
B00J4VY250,Howard Miller 611-206 Kipling Clock,20867050192,611206,2849,20867050192,KIPLING,Howard Miller
B002KSQ2AM,Howard Miller 630-260 Bradley Mantel Clock,20867302604,630260,2849,20867302604,BRADLEY LIMITED EDITION,Howard Miller
B000EZB6S6,Howard Miller 611-005 Arendal Grandfather Clock by,20867110056,611005,2949,20867110056,ARENDAL,Howard Miller
B0018K2PS6,Howard Miller 611-032 Seville Grandfather Clock by,20867110322,611032,2949,20867110322,SEVILLE,Howard Miller
B00GMLAPRO,Howard Miller Cameron Clock,20867050048,611210,2949,20867050048,CAMERON,Howard Miller
B00J4VY1F6,Howard Miller 611-211 Cameron II Clock,20867049844,611211,2949,20867049844,CAMERON II,Howard Miller
B00GMLBWU8,Howard Miller Cameron III Clock,20867050055,611212,2949,20867050055,CAMERON III,Howard Miller
B003I86O24,Howard Miller 660-125 Urban III Grandfather Clock by,20867601257,660125,2949,20867601257,URBAN III FLOOR CLO,Howard Miller
B008Z7ZOUQ,Rochdale Grandfather Clock,,2563,3049,877000000000,,Ridgeway
B0085UAF3O,Howard Miller Winterhalder II Clock,20867027033,611188,3049,20867027033,WINTERHALDER II,Howard Miller
B00R9HVAL0,Howard Miller Cameron IV Clock,20867056460,611213,3049,20867056460,CAMERON IV,Howard Miller
B00J4VXWXI,Howard Miller Quinten Clock,20867050215,611216,3049,20867050215,QUINTEN,Howard Miller
B00J4VXXSC,Howard Miller Quinten II Clock,20867050222,611218,3049,20867050222,QUINTEN II,Howard Miller
B00P11O8SS,Howard Miller Cheers Bar Console,20867048656,693027,3049,20867048656,CHEERS BAR,Howard Miller
B00PBUZF2C,2571 CREYTON Floor Clock,,2571,3099,877000000000,,Ridgeway
B00196WNOK,Howard Miller 610-948 Stewart Grandfather Clock by,20867109487,610948,3099,20867109487,STEWART ANNI CLOCK,Howard Miller
B0018K0ZCY,Howard Miller 610-950 Clayton Grandfather Clock by,20867109500,610950,3099,20867109500,CLAYTON  ANNI CLOCK,Howard Miller
B000I6NITQ,Howard Miller 620-262 Stevenson Wall Clock,20867202621,620262,3099,20867202621,STEVENSON,Howard Miller
B00R9HV6XM,Howard Miller Quinten III Clock,20867056477,611219,3199,20867056477,QUINTEN III,Howard Miller
B00J4VYA4S,Howard Miller Keane Clock,20867050246,611222,3249,20867050246,KEANE,Howard Miller
B003I86M7Q,Howard Miller 693-009 Northport Bar,20867930098,693009,3299,20867930098,NORTHPORT BAR,Howard Miller
B0018K60F0,Howard Miller 611-009 Trieste Grandfather Clock by,20867110094,611009,3749,20867110094,TRIESTE,Howard Miller
B0085UACZA,Howard Miller Elgin Clock,20867027040,611190,3749,20867027040,ELGIN,Howard Miller
B00196T6UE,Howard Miller 611-142 Edinburg Grandfather Clock by,20867111428,611142,3799,20867111428,EDINBURG 82ND ANNIV CHY,Howard Miller
B00196WNRW,Howard Miller 611-144 Scarborough Grandfather Clock by,20867111442,611144,3799,20867111442,SCARBOROUGH 82ND ANNIV AS,Howard Miller
B000EZ379M,Howard Miller 611-046 Lindsey Grandfather Clock by,20867110469,611046,3849,20867110469,LINDSEY      AMBASSADOR C,Howard Miller
B000NNXSCQ,Howard Miller 611-082 Diana Grandfather Clock by,20867110827,611082,3949,20867110827,DIANA,Howard Miller
B001LGODKK,Howard Miller 611-132 Stratford Grandfather Clock by,20867111329,611132,3999,20867111329,STRATFORD,Howard Miller
B000YDKBDE,Howard Miller 611-048 Nicolette Grandfather Clock by,20867110483,611048,4099,20867110483,NICOLETTE   AMBASSADOR CO,Howard Miller
B00196R5C0,Howard Miller 611-025 Hamlin Grandfather Clock by,20867110254,611025,4349,20867110254,HAMLIN,Howard Miller
B000UIAXKO,Howard Miller 610-939 Majestic II Grandfather Clock by,20867109395,610939,4549,20867109395,MAJESTIC II,Howard Miller
B0018K7V80,Howard Miller 610-940 Majestic Grandfather Clock by,20867109401,610940,4549,20867109401,MAJESTIC F/C/C,Howard Miller
B005923JUC,Howard Miller 611-180 Coolidge Grandfather Clock,20867111800,611180,4699,20867111800,COOLIDGE PRESIDENTIAL FLO,Howard Miller
B001OHTG44,Ridgeway Traditional Kensington Grandfather Clock,,2517,4749,877000000000,,Ridgeway
B00WN48CHY,Howard Miller 611-248 Harding Grandfather Clock,20867061679,611248,5299,20867061679,HARDING,Howard Miller
B00WN48AP8,Howard Miller 611-246 Polk Grandfather Clock,20867061839,611246,5499,20867061839,POLK,Howard Miller
B000YDGVFQ,Howard Miller 611-066 Eisenhower Grandfather Clock by,20867110667,611066,5849,20867110667,EISENHOWER,Howard Miller
B00196PLZS,Howard Miller 610-999 Reagan Grandfather Clock by,20867109999,610999,6149,20867109999,REAGAN,Howard Miller
B00R9HV1I2,Howard Miller Harold H. Limited Clock,20867054046,611233,6199,20867054046,HAROLD H. LIMITED EDITION,Howard Miller
B0018K0YXY,Howard Miller 610-648 Taylor Grandfather Clock by,20867106486,610648,6999,20867106486,TAYLOR,Howard Miller
B00PPRGH28,Howard Miller Harold H. Limited II Clock,20867054053,611234,7849,20867054053,HAROLD H. LIMITED EDITION,Howard Miller
B001C4X5LO,Howard Miller 622-779 Focal Point Gallery Wall Clock,20867002696,622779,9099,20867002696,FOCAL POINT,Howard Miller
B00196PM7U,Howard Miller 611-030 The J.H. Miller Grandfather Clock by,20867110308,611030,14649,20867110308,"JH MILLER, LTD EDITION",Howard Miller
B00196T712,Howard Miller 611-031 The J.H. Miller II Grandfather Clock by,20867110315,611031,17249,20867110315,J.H.MILLER LTD ED TUBULAR,Howard Miller
B00R9HV22C,Howard Miller Limited Edition Black Clock,20867058013,611230,18999,20867058013,PARK AVENUE LIMITED EDT.I,Howard Miller
B018FRYVXQ,Howard Miller 611231 Park Avenue Limited Edition II Clock,20867058389,611231,18999,20867058389,PARK AVENUE LIMITED EDT.,Howard Miller
